"age","x","y","lindex"
0,0,0,1
0,-0.000262939982955594,0.0199982714894404,1
0,-0.000663378943612127,0.0399942623035708,1
0,-0.000889707820399587,0.0599929816435568,1
0,-0.000892914749893103,0.0799929813864469,1
0,-0.000717721121870896,0.0999922140515444,1
0,-0.000410117220137582,0.119989848407629,1
0,7.69936176072853e-06,0.139985483663951,1
0,0.000536123498903301,0.159978501643518,1
0,0.00117079490372317,0.179968428912218,1
0,0.00191170699464802,0.199954700432277,1
0,0.00275283214328267,0.219937005316457,1
0,0.00368944491607153,0.239915062191785,1
0,0.00472508270725249,0.2598882305525,1
0,0.00587026505135137,0.279855417570174,1
0,0.00713808412560965,0.299815192989626,1
0,0.00853824184316361,0.319766121749109,1
0,0.0100798397609597,0.339706620134552,1
0,0.0117720167226529,0.359634904986248,1
0,0.0136166001141475,0.379549661126151,1
0,0.0156001818536636,0.399451053124769,1
0,0.0176989628060741,0.419340626235165,1
0,0.0199006259647364,0.439219073843965,1
0,0.0222102409672644,0.459085268208767,1
0,0.024630923656501,0.478938235123514,1
0,0.0271601893965427,0.498777660891823,1
0,0.0297986997309281,0.518602853531879,1
0,0.0325324861922028,0.538415132845077,1
0,0.0353057438678049,0.558221925666347,1
0,0.0381000613034206,0.578025758377946,1
0,0.0409878755491326,0.597816173453994,1
0,0.0439437466186478,0.617596538117478,1
0,0.0469134638820353,0.637374828725504,1
0,0.0498658484354166,0.657155714081043,1
0,0.0529556598322229,0.676915599342151,1
0,0.0562347104126819,0.696644963936349,1
0,0.0597600877946217,0.716331805082528,1
0,0.0635705952662989,0.735965450510932,1
0,0.0676093462884181,0.755553418506141,1
0,0.0718405137091047,0.775100725795334,1
0,0.0762454350239572,0.794609612698742,1
0,0.080769739542247,0.814091159573304,1
0,0.0853542550859279,0.833558625182103,1
0,0.0900432221393671,0.853001196719113,1
0,0.0948301044631605,0.87241989280351,1
0,0.099624280078664,0.891836789573275,1
0,0.104510793091652,0.911230654339584,1
0,0.109565925480607,0.930581252173505,1
0,0.114732997212879,0.949902260680142,1
0,0.119879423324772,0.96922877868714,1
0,0.124881615001159,0.988593129397471,1
0.5,0,0,1
0.5,0.00291207644572152,0.0197868595480504,1
0.5,0.00586317177283111,0.0395679372833588,1
0.5,0.00905289130180346,0.0593119411662213,1
0.5,0.0125003343746353,0.0790125791320229,1
0.5,0.016164099914357,0.0986741360914793,1
0.5,0.0200043388695687,0.118301987852864,1
0.5,0.0239958233379938,0.137899642093571,1
0.5,0.0281346557284986,0.157466707955455,1
0.5,0.0324231266925934,0.177001523459834,1
0.5,0.0368559982466512,0.196504078415153,1
0.5,0.0414185083506328,0.215976713099526,1
0.5,0.0460957200180481,0.235422115924312,1
0.5,0.0508803785887038,0.254841360048692,1
0.5,0.0557722732292577,0.274233868056315,1
0.5,0.0607745547138524,0.293598195567201,1
0.5,0.0658906958983111,0.31293275269636,1
0.5,0.0711286268872725,0.33223467174486,1
0.5,0.0764985992602145,0.351500273129552,1
0.5,0.0820050821941929,0.370727302169365,1
0.5,0.0876384291027826,0.389917544549478,1
0.5,0.0933776557755682,0.409076387865252,1
0.5,0.099208546709389,0.428207532915089,1
0.5,0.105132878579201,0.447309948780532,1
0.5,0.111153783726513,0.466382145853944,1
0.5,0.117271500580866,0.485423509788546,1
0.5,0.123490598478828,0.504432003188486,1
0.5,0.129804116573572,0.523409344658443,1
0.5,0.136166606726333,0.542370323511235,1
0.5,0.142558807323625,0.561321306903238,1
0.5,0.149041699287905,0.580241457848182,1
0.5,0.155602896788274,0.599134596480002,1
0.5,0.162207674665221,0.618012544175559,1
0.5,0.168835543045636,0.636882397400528,1
0.5,0.175596735490904,0.655704891303251,1
0.5,0.182525485019641,0.674466352599431,1
0.5,0.189666402530096,0.69314808959332,1
0.5,0.197036682828878,0.711740533443374,1
0.5,0.204598381265621,0.730255951795433,1
0.5,0.212327361466423,0.74870216726245,1
0.5,0.220207357212053,0.767084377876216,1
0.5,0.228194499859383,0.785420286698284,1
0.5,0.236244649569709,0.803728620583194,1
0.5,0.244393225073729,0.821993360309105,1
0.5,0.252650439227143,0.840209243884289,1
0.5,0.261005318709535,0.858380539623303,1
0.5,0.269541040862206,0.876467591548158,1
0.5,0.278276319727043,0.894459114639701,1
0.5,0.287092931856676,0.912410920970977,1
0.5,0.295907570724063,0.930363696289504,1
0.5,0.30457199251886,0.948389449948141,1
1,0,0,1
1,0.00603239483092586,0.0190685660867255,1
1,0.0122672074808653,0.038071910824433,1
1,0.0187957335664539,0.0569763639281277,1
1,0.0256069203517933,0.0757808244249145,1
1,0.0326614226126315,0.0944953641695043,1
1,0.0399255783033401,0.113129527475141,1
1,0.0473723905960477,0.131691450507984,1
1,0.0549944054053618,0.150182120864858,1
1,0.0627999596489549,0.16859606457473,1
1,0.0707789487119474,0.186935522950938,1
1,0.0789088785591558,0.205208569787179,1
1,0.0871658644493959,0.223424556831761,1
1,0.0955329533439759,0.241590233902275,1
1,0.104000068553452,0.259709504307825,1
1,0.112561158630993,0.277784562722232,1
1,0.121213919466514,0.29581591680126,1
1,0.129964890082058,0.313799812744183,1
1,0.138824881724226,0.331730249105318,1
1,0.147800587348087,0.349603041515957,1
1,0.156886299296926,0.36742016357264,1
1,0.16606468988791,0.385189720296411,1
1,0.175320621971429,0.402919010221992,1
1,0.184652898755661,0.420608233212911,1
1,0.194064581434415,0.438255335783998,1
1,0.203558385736882,0.455858394605307,1
1,0.213142150954086,0.473412637518674,1
1,0.222815483607171,0.490917683516408,1
1,0.232544422226423,0.508391886025902,1
1,0.242309880030713,0.525845706062577,1
1,0.252159458185075,0.543252193651436,1
1,0.262093133356866,0.5606108254403,1
1,0.27209523806757,0.577930118190182,1
1,0.2821556067905,0.595215631811671,1
1,0.292339803252421,0.61242847999043,1
1,0.302665055466996,0.629557086667723,1
1,0.313162884427444,0.646580470206761,1
1,0.323831055104895,0.663497625239354,1
1,0.33465030174064,0.680318561664978,1
1,0.345607689834617,0.69704983914633,1
1,0.35668958551864,0.713698910833617,1
1,0.367863311237812,0.730286492138699,1
1,0.379099859053587,0.746831581838782,1
1,0.390424985818472,0.763316165660016,1
1,0.401862415294665,0.77972303028971,1
1,0.413468885818618,0.796010750878442,1
1,0.425319931346685,0.81212139083754,1
1,0.437384003325633,0.828073135798101,1
1,0.449499102389494,0.843986161113007,1
1,0.461628034865527,0.859888645101109,1
1,0.473611576885505,0.87590097537048,1
1.5,0,0,1
1.5,0.00897533151678152,0.0178729802820869,1
1.5,0.0182862655420843,0.0355734465916636,1
1.5,0.0279290385715912,0.0530953451275362,1
1.5,0.0378630482027679,0.0704537855139214,1
1.5,0.0480481904703284,0.0876660740598863,1
1.5,0.0584568700808547,0.104744112260025,1
1.5,0.0690627729604664,0.121700374351307,1
1.5,0.0798563448139745,0.138537797154194,1
1.5,0.0908504044584805,0.1552450007662,1
1.5,0.102030801531345,0.171828086163468,1
1.5,0.113369541832625,0.188303309026305,1
1.5,0.124836602755129,0.204689477394767,1
1.5,0.136407824617507,0.221002258414924,1
1.5,0.148065281454143,0.237253526060926,1
1.5,0.15979545845852,0.253452382423212,1
1.5,0.171591386833126,0.269603421825714,1
1.5,0.183457961772935,0.285702626750116,1
1.5,0.195405530453351,0.301741816337709,1
1.5,0.207442091572411,0.317714330116922,1
1.5,0.219565903351757,0.333620718391417,1
1.5,0.231764341755815,0.349469948672487,1
1.5,0.244022969049996,0.365272671756259,1
1.5,0.256338615424984,0.381030998265322,1
1.5,0.268714466544111,0.396742086995171,1
1.5,0.281155383740303,0.412401703188344,1
1.5,0.293671475407242,0.428001300919849,1
1.5,0.306267548235272,0.443536388602607,1
1.5,0.318921110283184,0.459024686362518,1
1.5,0.331614137843351,0.474480657744376,1
1.5,0.34437901974104,0.48987733888474,1
1.5,0.357227554395394,0.50520428108584,1
1.5,0.370161927084471,0.520458854273579,1
1.5,0.383178817899351,0.535643074817074,1
1.5,0.396304247301309,0.550733571926653,1
1.5,0.409540270359695,0.565727160342969,1
1.5,0.422904774073958,0.580606341787908,1
1.5,0.436380379345844,0.595384977129385,1
1.5,0.449966674925683,0.61006191728792,1
1.5,0.463660860998345,0.624638242881407,1
1.5,0.477451514027315,0.639123334839505,1
1.5,0.491317127533771,0.653536688442659,1
1.5,0.505242722637202,0.667892098608005,1
1.5,0.519242728410693,0.682174949805936,1
1.5,0.533347861360355,0.696353991539154,1
1.5,0.547664124667912,0.71031982860353,1
1.5,0.562250302352315,0.724003520377281,1
1.5,0.57703600996049,0.737471365435996,1
1.5,0.591842913466989,0.750915903678317,1
1.5,0.606674718486229,0.764332965945119,1
1.5,0.621380956478534,0.777887543183591,1
2,0,0,1
2,0.011481268462454,0.0163762167332098,1
2,0.0233959568054885,0.0324398465125702,1
2,0.0356602043238045,0.0482382082254024,1
2,0.0482064719523163,0.0638135466998548,1
2,0.0609928837003578,0.0791923527201395,1
2,0.0739977878194804,0.0943868408277537,1
2,0.0871971888660577,0.10941267897448,1
2,0.100579723471335,0.124275645284694,1
2,0.114158919510622,0.13895915422931,1
2,0.127917239208039,0.153474960755427,1
2,0.141824583827365,0.167848052477088,1
2,0.155849259033259,0.182106680930386,1
2,0.169963959840971,0.196276198251338,1
2,0.18414625088206,0.210378064114616,1
2,0.198377958164308,0.224430057134554,1
2,0.212649309346883,0.238441785629769,1
2,0.226963457592487,0.252409790498142,1
2,0.241328908468011,0.266325027511679,1
2,0.25575343799287,0.28017901422982,1
2,0.270238693732798,0.293969495227556,1
2,0.284777318509939,0.307703700322482,1
2,0.299357457256272,0.321393826477403,1
2,0.313975886416737,0.335043058282911,1
2,0.328636532113278,0.348646935221508,1
2,0.34334580674779,0.362198217069603,1
2,0.358114694867947,0.375684504316072,1
2,0.372950398750096,0.389097255350859,1
2,0.387838583262491,0.402451728830742,1
2,0.402763099919969,0.415765586368686,1
2,0.417743973055471,0.429015999196141,1
2,0.432800981772352,0.442179831787745,1
2,0.447949268896929,0.455238522273065,1
2,0.463188563674907,0.468190892506728,1
2,0.478517838845334,0.48103664366224,1
2,0.49392837269802,0.493784798288507,1
2,0.509425125495035,0.506428004082458,1
2,0.524980883697336,0.518998540536864,1
2,0.540613887640613,0.531472881710228,1
2,0.55632953865531,0.543842938831529,1
2,0.572118089896462,0.556119813421812,1
2,0.587967839729564,0.56831757675072,1
2,0.603873932494981,0.58044177622689,1
2,0.619839310727952,0.592487800379206,1
2,0.63589249336635,0.604416560883895,1
2,0.652167753314455,0.616040497980319,1
2,0.668698151269645,0.627298648070056,1
2,0.685388207050542,0.638318722390611,1
2,0.702073752462043,0.649345624690022,1
2,0.718791452267265,0.660323717111862,1
2,0.735418587656452,0.671438498654908,1
2.5,0,0,1
2.5,0.0133544333696356,0.0148882204905746,1
2.5,0.0272141017416512,0.0293072909397314,1
2.5,0.0414247392874666,0.0433805912115746,1
2.5,0.0558946467924702,0.0571871757565169,1
2.5,0.0705807387947997,0.0707635781407687,1
2.5,0.0854672978746602,0.084119863506162,1
2.5,0.100533938440363,0.0972726708895274,1
2.5,0.115767697077667,0.110231551928428,1
2.5,0.131178812726577,0.122979003220978,1
2.5,0.14674780455711,0.135533145699888,1
2.5,0.162446191245613,0.147925105003333,1
2.5,0.178245028372295,0.160188740086153,1
2.5,0.19411794569837,0.172356340324474,1
2.5,0.210041431250544,0.184457687682092,1
2.5,0.225995407738275,0.196518808452108,1
2.5,0.241969004798937,0.208553931922334,1
2.5,0.257963765936686,0.220560913897267,1
2.5,0.27398554322331,0.232531822491765,1
2.5,0.290040863192354,0.244457706135824,1
2.5,0.306134004980641,0.256332502444901,1
2.5,0.322262667431542,0.268159008587668,1
2.5,0.3384185667493,0.279948279864318,1
2.5,0.354599945126098,0.29170255541949,1
2.5,0.370812024517167,0.30341445030536,1
2.5,0.387062180871336,0.315073456200592,1
2.5,0.403360632124919,0.326664853300795,1
2.5,0.419713770652966,0.338178968997734,1
2.5,0.436111326130003,0.349629740778601,1
2.5,0.45254000327781,0.361035816667053,1
2.5,0.4690119753388,0.372379278943711,1
2.5,0.485549063983834,0.383627598780304,1
2.5,0.502172224987083,0.394748323498598,1
2.5,0.518882278056305,0.405738051721979,1
2.5,0.535664501826627,0.416617250466503,1
2.5,0.552504594782249,0.427406655883206,1
2.5,0.569396899158881,0.438114132376163,1
2.5,0.586308499102022,0.448791107011478,1
2.5,0.603273329481563,0.459383298956179,1
2.5,0.620302489446405,0.469871755033784,1
2.5,0.637388132062935,0.480267947431974,1
2.5,0.654527187956439,0.490575845524182,1
2.5,0.671721770366731,0.50079085094443,1
2.5,0.688966324970986,0.510921267347562,1
2.5,0.706281203859023,0.520931011055202,1
2.5,0.723811002102464,0.530559415572266,1
2.5,0.741556567660636,0.53978410543267,1
2.5,0.759409681308416,0.54879888957204,1
2.5,0.777241900561344,0.557854934874241,1
2.5,0.795116123586717,0.566827791233241,1
2.5,0.812966705803376,0.575847586936375,1
3,0,0,1
3,0.014552968782156,0.0137190050523204,1
3,0.0296793485969019,0.0268030653433787,1
3,0.0451543393866919,0.0394728980200921,1
3,0.060862311250901,0.05185270496177,1
3,0.0767592175395676,0.0639889469851209,1
3,0.0928346008487995,0.075887772618824,1
3,0.109072490086283,0.0875638572841228,1
3,0.12545935823247,0.0990299181752697,1
3,0.142000428131816,0.110272382610835,1
3,0.158677061829395,0.121312757990176,1
3,0.175465186245307,0.132182849001564,1
3,0.192340862416444,0.142916513509407,1
3,0.20928068320033,0.153548656840355,1
3,0.226261918893456,0.164114528046011,1
3,0.243264033381853,0.17464676916191,1
3,0.260275704929019,0.185163566733953,1
3,0.277296969731453,0.195664830682899,1
3,0.294331135273924,0.206145155309153,1
3,0.311383597876487,0.21659568252974,1
3,0.32846099350442,0.227005416367214,1
3,0.345565591449689,0.237370392446815,1
3,0.362692860901374,0.247697862666058,1
3,0.379843454502369,0.257986552530832,1
3,0.397024283082533,0.268224673906311,1
3,0.414243163668579,0.278398667781063,1
3,0.431507454075154,0.288495413630961,1
3,0.448819200714587,0.298510573554402,1
3,0.466168460175667,0.308460608536858,1
3,0.483545787123374,0.31836154324791,1
3,0.500959539920667,0.328198271032838,1
3,0.518428557572901,0.337936516370985,1
3,0.535973725977894,0.347536884366038,1
3,0.553596148163202,0.356994697872485,1
3,0.571276187142586,0.36634436212782,1
3,0.588998164821885,0.375614286999923,1
3,0.606749071585514,0.384828694689456,1
3,0.624493591995094,0.394055394827316,1
3,0.642276561508051,0.403207771311119,1
3,0.6601124156168,0.412256655673924,1
3,0.67799522298154,0.421212391308455,1
3,0.69592807787921,0.430067486746626,1
3,0.713918329783673,0.438805383313531,1
3,0.731956583769235,0.447443750818584,1
3,0.750053355674893,0.455958846037935,1
3,0.768351035545621,0.46403318262668,1
3,0.786816571196323,0.471715890035704,1
3,0.805339718586287,0.479258635608084,1
3,0.823839909052627,0.486857513993027,1
3,0.842404495295512,0.494297684530754,1
3,0.861053159016221,0.50152453318227,1
3.5,0,0,1
3.5,0.0151656386132798,0.013038535402851,1
3.5,0.0309846287493668,0.0252761638934688,1
3.5,0.0471534043966094,0.037047769309432,1
3.5,0.0635307016828678,0.0485274963792501,1
3.5,0.0800722871435286,0.0597692022305724,1
3.5,0.0967731016972642,0.0707729649162056,1
3.5,0.113621915923382,0.0815487460560477,1
3.5,0.130606005639965,0.0921100289562943,1
3.5,0.147726556850516,0.102448632645715,1
3.5,0.164967158065432,0.11258577572196,1
3.5,0.182308834042565,0.122549021894975,1
3.5,0.199732885675576,0.132367495538581,1
3.5,0.217218991054348,0.142075024507503,1
3.5,0.234745451890856,0.151709502726191,1
3.5,0.252291513592825,0.16130823799448,1
3.5,0.269845135280229,0.17089314100158,1
3.5,0.287404603238144,0.180467329480763,1
3.5,0.304971249137092,0.190028341553813,1
3.5,0.322550349860624,0.19956643453679,1
3.5,0.340151408920081,0.209063945788981,1
3.5,0.357781006260445,0.218508377885016,1
3.5,0.375438205294326,0.227901104979845,1
3.5,0.393126786321885,0.237234598496824,1
3.5,0.410856120640358,0.246490445547407,1
3.5,0.428634809977752,0.255651133591677,1
3.5,0.446465670093194,0.264709854668273,1
3.5,0.464342963996106,0.273676591126365,1
3.5,0.482254029709745,0.282575676753648,1
3.5,0.500194298764403,0.291415741586357,1
3.5,0.518170811887105,0.300181868208151,1
3.5,0.536194875528631,0.308849805093375,1
3.5,0.554282241460025,0.317384861839749,1
3.5,0.572433782103171,0.32578257416396,1
3.5,0.590630375130582,0.334082212842529,1
3.5,0.608858212530771,0.342313005253486,1
3.5,0.627100766047459,0.350511129501799,1
3.5,0.64532450889529,0.358750983664107,1
3.5,0.663579338821819,0.366921735425941,1
3.5,0.681880923945681,0.3749872163139,1
3.5,0.700225264556401,0.382954974314612,1
3.5,0.718619599612124,0.390806626233655,1
3.5,0.737075270873302,0.398513000108526,1
3.5,0.755581830779281,0.406096352958448,1
3.5,0.774140569500506,0.413551097560196,1
3.5,0.792888715334809,0.420515796245404,1
3.5,0.811764350827203,0.427127179214062,1
3.5,0.830662255425596,0.433674636872575,1
3.5,0.849547299577757,0.440259096407795,1
3.5,0.868527004235724,0.446565506725586,1
3.5,0.887687172706907,0.452300307869119,1
4,0,0,1
4,0.0153944352717031,0.0127675903233674,1
4,0.0315326726879895,0.0245810272955433,1
4,0.0480243268635556,0.035895855732313,1
4,0.064702004716327,0.0469346537393053,1
4,0.0815235786647834,0.0577529091391659,1
4,0.098490610604078,0.0683415741716881,1
4,0.115596710078489,0.0787040719773126,1
4,0.132830058548078,0.0888535399695626,1
4,0.150188591498343,0.0987873878551777,1
4,0.167658122458762,0.108524712334878,1
4,0.185224424522515,0.118086356116415,1
4,0.20287357259479,0.127494202433341,1
4,0.220587843451686,0.136778846099552,1
4,0.238346152662786,0.145978979466138,1
4,0.256127213780826,0.155135062991126,1
4,0.27391774325508,0.164272735617439,1
4,0.291714028710313,0.173399192980286,1
4,0.309516141794276,0.18251427771636,1
4,0.327330502784919,0.191605402096493,1
4,0.345170461496275,0.200646191507663,1
4,0.363047017524709,0.209614398940714,1
4,0.380962515244211,0.21850455875157,1
4,0.398924341391124,0.227300739824516,1
4,0.4169455648991,0.235974579993414,1
4,0.435036825955668,0.244501377363066,1
4,0.453195726044722,0.252883164019606,1
4,0.471406077697924,0.261152571051958,1
4,0.489649745436117,0.269348215471918,1
4,0.507927348815997,0.277467896173015,1
4,0.526246567452378,0.285493245296416,1
4,0.544609843221339,0.293417265931998,1
4,0.563025883536172,0.301217872262434,1
4,0.581494627119303,0.308892864800576,1
4,0.599998541395105,0.316482670889916,1
4,0.61852568836155,0.324015587010765,1
4,0.637058600186139,0.331534308930214,1
4,0.655568531275005,0.339109429462948,1
4,0.674106609635288,0.346615403797304,1
4,0.69268919170904,0.354010513226666,1
4,0.711313584552273,0.361299682673245,1
4,0.729989094523368,0.368456869782685,1
4,0.748729457998843,0.375442481910987,1
4,0.767524450423117,0.38227975181728,1
4,0.786369038040145,0.388979118768278,1
4,0.805396124045716,0.395141098818279,1
4,0.824521074245147,0.400992276466351,1
4,0.843645330347144,0.406845722335687,1
4,0.862769593049307,0.412699146641054,1
4,0.882014693893321,0.418142132356975,1
4,0.901501769418141,0.422642564279574,1
4.5,0,0,1
4.5,0.015413674824111,0.0127443567282373,1
4.5,0.0316591783355742,0.0244098449588702,1
4.5,0.0482590975242646,0.0355652330260307,1
4.5,0.0650221880062705,0.0464738900236673,1
4.5,0.0819114154789749,0.0571862191530045,1
4.5,0.0989359396552751,0.0676821982197981,1
4.5,0.116093962126742,0.077958494482004,1
4.5,0.133374123282904,0.0880280540760026,1
4.5,0.150771632196742,0.0978934827840167,1
4.5,0.168274510276229,0.107570737504991,1
4.5,0.185873112746748,0.117072799969774,1
4.5,0.203558029249595,0.126413235092794,1
4.5,0.221313797888816,0.135618270672868,1
4.5,0.239119551837017,0.144726241156798,1
4.5,0.256953086745826,0.153779695340496,1
4.5,0.274799546278009,0.162807645393865,1
4.5,0.292653214172824,0.171821331804078,1
4.5,0.310513428637894,0.180822039513015,1
4.5,0.328388603286739,0.189792999956204,1
4.5,0.34629673052002,0.198697997373196,1
4.5,0.364253388696292,0.20750472361741,1
4.5,0.382263763623937,0.21620106738739,1
4.5,0.400339069195395,0.224761635621941,1
4.5,0.41849710418432,0.233145296238938,1
4.5,0.436751085857893,0.241317942876401,1
4.5,0.455093392979091,0.249290380989781,1
4.5,0.473497003628942,0.257120267007386,1
4.5,0.4919369211106,0.264864261020145,1
4.5,0.510417863740157,0.27250983225603,1
4.5,0.528948491066667,0.280034182785214,1
4.5,0.547522862826013,0.287449890016868,1
4.5,0.56614267951733,0.294750741089295,1
4.5,0.584806288772529,0.301938904246127,1
4.5,0.60349708550892,0.309056074846789,1
4.5,0.622204170457779,0.316130321995154,1
4.5,0.640909872304096,0.323208225529162,1
4.5,0.659590764668966,0.33035135232715,1
4.5,0.678299038603207,0.337422454532705,1
4.5,0.697052259307774,0.344373476990286,1
4.5,0.715848342871137,0.351207746715652,1
4.5,0.734697034795881,0.357895557473001,1
4.5,0.753613300431128,0.364389777550637,1
4.5,0.77258823563839,0.370710523857853,1
4.5,0.791613269741802,0.376878836217326,1
4.5,0.810814530222124,0.382474512759695,1
4.5,0.830092129083477,0.387801254929235,1
4.5,0.849355130278773,0.393180547164283,1
4.5,0.868630846048683,0.398514099597476,1
4.5,0.888045882015633,0.403315805377928,1
4.5,0.907730271887826,0.406854844140012,1
5,0,0,1
5,0.0152800538361437,0.0129042611088179,1
5,0.0314755150365919,0.024639125253953,1
5,0.0480240900908342,0.0358705393979559,1
5,0.064712448698013,0.0468931836813482,1
5,0.0815105509322628,0.0577478490989322,1
5,0.0984358413780409,0.0684031080505509,1
5,0.115490988741386,0.0788492531967082,1
5,0.13266476677727,0.0890991970001729,1
5,0.1499499341234,0.0991601606625806,1
5,0.167336685360125,0.10904453628435,1
5,0.184819875165674,0.118757315197883,1
5,0.202394486677286,0.128303677343533,1
5,0.220047160013989,0.137704907266669,1
5,0.237757061461295,0.146997882609729,1
5,0.255500894327401,0.156225904890785,1
5,0.273262184702317,0.165420281662374,1
5,0.29103339277671,0.17459547449831,1
5,0.308813556565252,0.18375330042222,1
5,0.326613685543149,0.192872259155004,1
5,0.344457104255948,0.201906217791158,1
5,0.362364374622875,0.210812938175551,1
5,0.380343390204538,0.21957393119657,1
5,0.398409472797529,0.228153946333108,1
5,0.416585666847654,0.236498164082675,1
5,0.434887515402291,0.244563047186797,1
5,0.453302233155483,0.252366775146577,1
5,0.471792512958605,0.259989737353113,1
5,0.490325770617118,0.267507606769586,1
5,0.508908561411253,0.274902191700562,1
5,0.527549498562576,0.282148946982786,1
5,0.546235230394567,0.289279404605051,1
5,0.56496117234413,0.296303584137323,1
5,0.583723768357829,0.303229260337286,1
5,0.60250659693348,0.310099875353259,1
5,0.621299190632427,0.316943735526166,1
5,0.640083896990338,0.323809214901056,1
5,0.658842547258377,0.330745571302035,1
5,0.677629462308829,0.337605004433651,1
5,0.696464100334012,0.344332292926078,1
5,0.715344462862212,0.350930164613503,1
5,0.734279727450808,0.357368778979952,1
5,0.75328533268543,0.363596697546032,1
5,0.772353852384161,0.369629239008724,1
5,0.791474391250281,0.375494816002441,1
5,0.810766643727838,0.38076823940116,1
5,0.83011903830325,0.385816489018362,1
5,0.849447431698417,0.390955867264965,1
5,0.868801209818641,0.395998810103541,1
5,0.88831110311333,0.400399271855433,1
5,0.908104901291708,0.403263805617432,1
5.5,0,0,1
5.5,0.0150302601800123,0.0131943654232076,1
5.5,0.0310546578387702,0.0251617661298771,1
5.5,0.0474307954852338,0.0366431473962614,1
5.5,0.0639242036132774,0.0479554189772385,1
5.5,0.0805119126230629,0.0591289551143208,1
5.5,0.0972196310521077,0.0701222323734349,1
5.5,0.114054427699848,0.0809198997988206,1
5.5,0.131005163797122,0.0915346322853486,1
5.5,0.148062270045359,0.10197757853803,1
5.5,0.165218089021558,0.112257553015424,1
5.5,0.182471965216199,0.12237208495022,1
5.5,0.199823307754862,0.132318486918067,1
5.5,0.217260890859429,0.142112908568746,1
5.5,0.234763919818289,0.151789890394983,1
5.5,0.252308006468449,0.161392235088425,1
5.5,0.269875159544999,0.170952315254672,1
5.5,0.287456273825882,0.180486696233138,1
5.5,0.305050518632323,0.189996825027798,1
5.5,0.322672054987899,0.19945628888518,1
5.5,0.340350083349017,0.208809754192941,1
5.5,0.358110427609663,0.218005958395945,1
5.5,0.375963520963544,0.22702078272577,1
5.5,0.393928951051215,0.235809600721667,1
5.5,0.412035507013288,0.24430387121373,1
5.5,0.43030124658136,0.252450205237778,1
5.5,0.448708281876207,0.260272036970452,1
5.5,0.467208767341258,0.267870197113371,1
5.5,0.485761222710008,0.275340565229503,1
5.5,0.50437217248116,0.282663989880283,1
5.5,0.523049373733983,0.289816762305125,1
5.5,0.541772608767927,0.296848154049557,1
5.5,0.560531546083321,0.303783734111609,1
5.5,0.579320681850583,0.310637081988332,1
5.5,0.598123440070545,0.317452966620692,1
5.5,0.616929680762641,0.324259236599979,1
5.5,0.635722008969677,0.331103825744629,1
5.5,0.654487397558053,0.338021931780766,1
5.5,0.673283284412392,0.34485674248472,1
5.5,0.692131402305999,0.351546170851082,1
5.5,0.711029576415082,0.358092850570055,1
5.5,0.729986045913304,0.36446876338023,1
5.5,0.749016318701763,0.370620894522919,1
5.5,0.768113863805054,0.376560908919178,1
5.5,0.787265325574003,0.382324719474052,1
5.5,0.806586170681385,0.387492402159413,1
5.5,0.825953538629153,0.392482899005998,1
5.5,0.8452887866733,0.397596428420335,1
5.5,0.864663293276081,0.402559138758325,1
5.5,0.884214482602394,0.406772331838004,1
5.5,0.904066417067738,0.409201467071727,1
6,0,0,1
6,0.0146749481189818,0.0135884472146449,1
6,0.0304187623139221,0.0259226401187306,1
6,0.0465123194976561,0.0377968734486717,1
6,0.0627004471450829,0.0495418520893766,1
6,0.07896744670494,0.0611773462911546,1
6,0.095347424812324,0.0726532478767217,1
6,0.111851914671511,0.08394934518898,1
6,0.128469860232494,0.095077861951433,1
6,0.145189376852215,0.106053187185924,1
6,0.162005033895365,0.116880637403181,1
6,0.178920852794095,0.127550926573834,1
6,0.195940915535504,0.138054138667213,1
6,0.213056335642569,0.148401234615288,1
6,0.230246488051426,0.158623693231505,1
6,0.247485978860876,0.168762724577294,1
6,0.264755423378352,0.178850652315825,1
6,0.282044375618784,0.188905110552253,1
6,0.299352570228263,0.198926407841545,1
6,0.31669795304893,0.208883199232577,1
6,0.334116277573513,0.218711829389232,1
6,0.351639036909763,0.228353038091665,1
6,0.36927912726002,0.237777857051982,1
6,0.387060720624407,0.246932906883828,1
6,0.405019118139069,0.255736085781557,1
6,0.423175321981713,0.264123711311129,1
6,0.441506230361421,0.272122323564187,1
6,0.459952615934997,0.279850897771048,1
6,0.47846237759748,0.287426432286716,1
6,0.497040410994042,0.294832961508709,1
6,0.515692931632951,0.302049849606433,1
6,0.534392913109264,0.309142852692964,1
6,0.553124387472244,0.316152265520658,1
6,0.57187975754254,0.32309748643336,1
6,0.590642001421281,0.330024116540032,1
6,0.609401271103817,0.336958797569314,1
6,0.628140663980988,0.343947012977772,1
6,0.646852523994628,0.35100862007743,1
6,0.665598443597987,0.357979308581761,1
6,0.684402875119775,0.364790575361325,1
6,0.70326325613416,0.371445350187885,1
6,0.722186572691758,0.377918996027822,1
6,0.741188108247056,0.384159320261445,1
6,0.760261734611594,0.390175696023148,1
6,0.77939123531115,0.396011979342665,1
6,0.798689847799668,0.401262079914848,1
6,0.818022159655416,0.406386698760393,1
6,0.837314291764399,0.411660562494843,1
6,0.856662105824458,0.416726338950371,1
6,0.87621351441714,0.420938514402794,1
6,0.896092052319142,0.423139362166424,1
6.5,0,0,1
6.5,0.0142217948688116,0.0140620251283179,1
6.5,0.029583133974408,0.026869415997768,1
6.5,0.0452906474139021,0.0392498045840812,1
6.5,0.0610687729641561,0.0515400752938916,1
6.5,0.0769095318982123,0.0637495124796556,1
6.5,0.0928557024545589,0.0758209516891245,1
6.5,0.10892343392053,0.0877301080630007,1
6.5,0.125101772632788,0.0994885669973787,1
6.5,0.141376466842014,0.111113296172554,1
6.5,0.157744479022956,0.122606258246995,1
6.5,0.174214838363388,0.133952062017424,1
6.5,0.190796699267119,0.145134275079663,1
6.5,0.207483859930564,0.15615873284376,1
6.5,0.224256120890216,0.167053284798813,1
6.5,0.241087275613667,0.177856628294011,1
6.5,0.257956726429678,0.188600074164224,1
6.5,0.2748529159511,0.199301418923467,1
6.5,0.291776604009547,0.209959222754482,1
6.5,0.308750215387048,0.220537337747502,1
6.5,0.325816815888311,0.230964760599305,1
6.5,0.343014055299457,0.241175292252246,1
6.5,0.360357275292801,0.25113585048271,1
6.5,0.377875678028241,0.260784973012709,1
6.5,0.395612069089089,0.270027290478403,1
6.5,0.413591018071025,0.278788420171825,1
6.5,0.431784022738968,0.287095921670602,1
6.5,0.450119254640833,0.295084618129026,1
6.5,0.468531925322065,0.30289317487048,1
6.5,0.487023771043523,0.310512337673163,1
6.5,0.505598790017392,0.317926423599318,1
6.5,0.524222855493204,0.325216429439692,1
6.5,0.542874142827709,0.332436504284576,1
6.5,0.561542708683177,0.33961178469025,1
6.5,0.580210828992327,0.346788224205992,1
6.5,0.598868969210471,0.353990571295662,1
6.5,0.617501024114442,0.361260133184482,1
6.5,0.636105292863843,0.368600513576539,1
6.5,0.654748536335424,0.375841333478964,1
6.5,0.673458421542139,0.382908171212457,1
6.5,0.692231799843937,0.389804566440226,1
6.5,0.711074039229725,0.396510535045034,1
6.5,0.729999887342067,0.402976776088217,1
6.5,0.749003199523261,0.409211687967634,1
6.5,0.768064329430936,0.415267538580283,1
6.5,0.787295575732262,0.420759274708116,1
6.5,0.806546887838319,0.426180250837485,1
6.5,0.825749375285545,0.43177171538974,1
6.5,0.845027722221059,0.437095749521293,1
6.5,0.864544624935429,0.441465018160074,1
6.5,0.884428867291438,0.443613716819142,1
7,0,0,1
7,0.0136791848314088,0.0145904044614313,1
7,0.0285638361033067,0.0279488159131717,1
7,0.0437885933937198,0.0409182710076625,1
7,0.0590579584399546,0.0538351781872013,1
7,0.0743722944969412,0.0666987356707935,1
7,0.0897833751722949,0.0794462292447374,1
7,0.105312158350358,0.0920500736189239,1
7,0.120947840840206,0.104521057264036,1
7,0.136673725555475,0.11687810181045,1
7,0.152489396548084,0.129120019595403,1
7,0.168409303999425,0.141226073731278,1
7,0.184448160853447,0.153174089081795,1
7,0.200602895479479,0.164964956274775,1
7,0.21685410334907,0.176622496443239,1
7,0.233175073034345,0.188182165492668,1
7,0.249544251620491,0.199673466220386,1
7,0.265949232256005,0.211113597790802,1
7,0.282392289771214,0.222498933075786,1
7,0.298901043736026,0.233788797668832,1
7,0.315526634310402,0.244905889827001,1
7,0.332313360420663,0.25577814012301,1
7,0.349279006543131,0.266369025432899,1
7,0.366458311813208,0.276609702677958,1
7,0.383902725578272,0.286391953359333,1
7,0.401641171763759,0.295630325885086,1
7,0.419639584075987,0.30435140117653,1
7,0.437812119256582,0.312703584430628,1
7,0.456078987437907,0.320847387402588,1
7,0.474437202601692,0.328783125301496,1
7,0.492887828235546,0.336501571629571,1
7,0.511389121846616,0.344097763749111,1
7,0.529912959786736,0.351638813276079,1
7,0.5484467278201,0.359155424379857,1
7,0.566971801466654,0.366693437804479,1
7,0.585479058581844,0.374275088948673,1
7,0.60395361341991,0.381936082587572,1
7,0.622400602132349,0.389663217078648,1
7,0.640892858636581,0.397281382827808,1
7,0.659461759142952,0.404710779437526,1
7,0.678103374738081,0.411955789306632,1
7,0.696821016701506,0.419002056355861,1
7,0.715628499158075,0.425804894267046,1
7,0.734519244613022,0.432372978931268,1
7,0.753469451567468,0.438767480974716,1
7,0.772590860932161,0.444630219576074,1
7,0.791716466436332,0.450479254889595,1
7,0.81078371209772,0.456515822033947,1
7,0.829951715346071,0.462224381525728,1
7,0.849402313669212,0.466879940017663,1
7,0.869276366584087,0.469120926572006,1
7.5,0,0,1
7.5,0.0130572208717218,0.0151495538913551,1
7.5,0.0273801966425949,0.0291085067556276,1
7.5,0.0420339665491543,0.0427197898518539,1
7.5,0.0567038065591473,0.0563137515290549,1
7.5,0.0713991339989266,0.0698801567801768,1
7.5,0.0861810271324391,0.0833521883786187,1
7.5,0.101075452848521,0.0966997006033033,1
7.5,0.116071835904292,0.109932557258032,1
7.5,0.13115095530131,0.123071056343182,1
7.5,0.146315282452259,0.136111117004812,1
7.5,0.161585133082834,0.149027450142352,1
7.5,0.176981295113807,0.161792958150889,1
7.5,0.192504329633977,0.174403881958668,1
7.5,0.208136081887996,0.186879791603619,1
7.5,0.22384974186404,0.199252377839216,1
7.5,0.239623133551145,0.211548723421752,1
7.5,0.255443300914046,0.223784830016981,1
7.5,0.271314539364996,0.235954620074048,1
7.5,0.28727035664625,0.24801330552841,1
7.5,0.303370664200031,0.259878384401879,1
7.5,0.319666848122131,0.271472968895388,1
7.5,0.336179118104737,0.282757690425914,1
7.5,0.352948259992224,0.293657042716638,1
7.5,0.370035572463918,0.304050490291658,1
7.5,0.387475247386411,0.313841186824478,1
7.5,0.405227577039877,0.323052852899336,1
7.5,0.423191243218808,0.331845275626431,1
7.5,0.441269014201952,0.340400636301527,1
7.5,0.45945156767538,0.348730987385722,1
7.5,0.477736266275699,0.356834677723802,1
7.5,0.496073118002287,0.364819655416766,1
7.5,0.514427132397253,0.372765104151064,1
7.5,0.532782666702289,0.380707040966265,1
7.5,0.551120072669377,0.388690745770314,1
7.5,0.569430825302372,0.396735392314029,1
7.5,0.58770180483825,0.404869967090839,1
7.5,0.605946077544985,0.413064264705784,1
7.5,0.624243282925604,0.421139676476056,1
7.5,0.642628953691095,0.429011595587872,1
7.5,0.661098191888912,0.436685397800091,1
7.5,0.679651748550591,0.444153030303228,1
7.5,0.698301997817982,0.451375786166758,1
7.5,0.717041469109194,0.458363791298828,1
7.5,0.735841342817795,0.465187628089128,1
7.5,0.754812255941638,0.471520435937755,1
7.5,0.773768089724007,0.477898238507228,1
7.5,0.792655044580965,0.484477215344947,1
7.5,0.811673028043506,0.490667231905387,1
7.5,0.831027122118129,0.495708962020203,1
7.5,0.850877027662783,0.498154621413555,1
8,0,0,1
8,0.0123684116950541,0.0157169460182838,1
8,0.0260565762893925,0.0302989263377844,1
8,0.0400625400677313,0.04457593508051,1
8,0.0540533138628286,0.0588678295880418,1
8,0.0680480857601128,0.0731558091353041,1
8,0.0821174919275699,0.0873703020947846,1
8,0.0962926961233158,0.101479291640776,1
8,0.110563456204342,0.115491622164632,1
8,0.12490796385171,0.129428447497347,1
8,0.13933185773745,0.143283096001474,1
8,0.15386175451961,0.15702653441767,1
8,0.168525018274472,0.170627589378789,1
8,0.183326358985318,0.184078251561798,1
8,0.198249372647062,0.197393793730685,1
8,0.213267621518327,0.210601829195536,1
8,0.228358691382249,0.223726600064478,1
8,0.243509403639673,0.23678247682909,1
8,0.258726568064236,0.249760839856676,1
8,0.274050206199894,0.262613314882422,1
8,0.289549578020558,0.275253309865206,1
8,0.305283496749541,0.287600123277165,1
8,0.321274547484308,0.299612046370414,1
8,0.337570026032914,0.311207622202252,1
8,0.354242271855968,0.322254622664624,1
8,0.37133173997733,0.332644525423022,1
8,0.388793120773854,0.342396457574076,1
8,0.406508229839418,0.351679501837419,1
8,0.424359966016157,0.360697013438527,1
8,0.442331051727229,0.369474261205641,1
8,0.460414362272938,0.37801790678042,1
8,0.478550990871285,0.386447776476068,1
8,0.496698471157389,0.394854259644759,1
8,0.514837781818775,0.403278356553611,1
8,0.532948213229574,0.411764361156176,1
8,0.551022105607931,0.420327912656317,1
8,0.569048751328455,0.428990478330915,1
8,0.587050344429818,0.437704986108922,1
8,0.605113848374337,0.446290428744358,1
8,0.623279311263598,0.454657982629386,1
8,0.641540690083456,0.46281408731224,1
8,0.659895640953157,0.47075737243685,1
8,0.678354498125982,0.478456112065727,1
8,0.696908369053918,0.485922963717493,1
8,0.715522441430328,0.493238447950665,1
8,0.73430490453621,0.500110062002413,1
8,0.753048755108309,0.507086312121984,1
8,0.771712237755976,0.514274803998605,1
8,0.790542674812466,0.521013842525098,1
8,0.809772023711218,0.526512218733586,1
8,0.829584754197366,0.529242733462215,1
8.5,0,0,1
8.5,0.0116280328893016,0.0162723339175829,1
8.5,0.0246233803421872,0.0314749963350275,1
8.5,0.0379197875639898,0.0464150617629965,1
8.5,0.0511671107026471,0.061398667125525,1
8.5,0.0643949492362372,0.0763994766946539,1
8.5,0.0776836739364279,0.0913463758995908,1
8.5,0.0910698112846652,0.106206097528684,1
8.5,0.104543581088975,0.12098640629611,1
8.5,0.118080545778307,0.13570885809599,1
8.5,0.13168978476056,0.150364526430253,1
8.5,0.14540461225575,0.164921432240802,1
8.5,0.159259420162756,0.179345173012875,1
8.5,0.173263556293633,0.193623974476158,1
8.5,0.187402868683042,0.207768932770714,1
8.5,0.201651781318843,0.22180347902976,1
8.5,0.215988044510879,0.235748784967195,1
8.5,0.230398585243815,0.249617321868555,1
8.5,0.24489317403345,0.263397992963222,1
8.5,0.259518861702291,0.277039446705896,1
8.5,0.274354674402014,0.29045207737772,1
8.5,0.289467065881051,0.303552292024218,1
8.5,0.304880907341192,0.316296447211661,1
8.5,0.320650380845363,0.32859781727362,1
8.5,0.336859966486527,0.340313163335165,1
8.5,0.353557406700269,0.351322045672101,1
8.5,0.370691947031427,0.361637448118925,1
8.5,0.388127298690754,0.37143584148292,1
8.5,0.405724224153495,0.380941009248864,1
8.5,0.423455960135269,0.390192254520322,1
8.5,0.441310141697587,0.399204923422471,1
8.5,0.459218320740831,0.408109816647835,1
8.5,0.477129976619122,0.417007714360086,1
8.5,0.495022406652901,0.425944209617529,1
8.5,0.512873892875,0.43496221603038,1
8.5,0.5306779802582,0.444073443853861,1
8.5,0.548427070205386,0.453291350668681,1
8.5,0.566153668270006,0.462552437055031,1
8.5,0.58395234246193,0.471674234959487,1
8.5,0.601867892008049,0.480564290328299,1
8.5,0.619892977455515,0.489230102154756,1
8.5,0.638021645179401,0.497677078333065,1
8.5,0.656261540052928,0.505881116058641,1
8.5,0.674601745271869,0.513858388307168,1
8.5,0.69300040393819,0.521699903420985,1
8.5,0.711561355414178,0.529149136959144,1
8.5,0.730055414658575,0.536762925284593,1
8.5,0.748456689145775,0.544598300020156,1
8.5,0.76706637525079,0.551924935200975,1
8.5,0.78614632023187,0.557921242357798,1
8.5,0.80591032475679,0.560984594302799,1
9,0,0,1
9,0.0108541818922324,0.016798414670746,1
9,0.023117349413256,0.0325976147249042,1
9,0.0356614361779969,0.0481747096799545,1
9,0.0481202393753801,0.0638200995085549,1
9,0.0605342642926615,0.0795010428906705,1
9,0.0729937140229805,0.0951459178475903,1
9,0.0855406212079529,0.110720741124009,1
9,0.0981658144359146,0.126232172262258,1
9,0.110842205177457,0.141701791448513,1
9,0.123582563689206,0.157118771210843,1
9,0.136427240805599,0.172448946349295,1
9,0.149418035741447,0.187655499112322,1
9,0.162569360307306,0.202723434012747,1
9,0.175869769100049,0.217659937149222,1
9,0.189295004487922,0.232484344549864,1
9,0.202823359696696,0.247214707931167,1
9,0.216442164625105,0.261861487519935,1
9,0.230164511303535,0.276411305444465,1
9,0.244044849233326,0.290810479690053,1
9,0.258172203963397,0.304967380775063,1
9,0.272620741872025,0.31879632694977,1
9,0.287417491408208,0.33225203960884,1
9,0.302623778462459,0.345243145567291,1
9,0.318337159906002,0.357616085541676,1
9,0.33461365957828,0.369238286642084,1
9,0.351397326962312,0.380115258148077,1
9,0.368532739026418,0.390429212452479,1
9,0.385856562709356,0.400423467452352,1
9,0.403331229826521,0.410151571540214,1
9,0.420938485522009,0.419637590034487,1
9,0.438599808631018,0.429022560254961,1
9,0.456256137024137,0.438416923866954,1
9,0.473880867686032,0.447870434807111,1
9,0.491451417134141,0.457424271318773,1
9,0.50896292660935,0.467085898298722,1
9,0.526411589424822,0.476860567907049,1
9,0.543841271241657,0.486669043413665,1
9,0.561354179509216,0.496328134675893,1
9,0.578999949640994,0.505742315280516,1
9,0.596769833103374,0.514920073271084,1
9,0.614653831852861,0.523873429553972,1
9,0.632656265160396,0.532586201501393,1
9,0.650763528918555,0.541078963077727,1
9,0.668925635683372,0.549453799067965,1
9,0.687239924206053,0.557490392619217,1
9,0.705454196064712,0.565751161388457,1
9,0.72356235437989,0.574242015434572,1
9,0.741925372437931,0.582166633267634,1
9,0.760837290745078,0.588673502402924,1
9,0.780544076462093,0.592085627357207,1
9.5,0,0,1
9.5,0.010066877542827,0.017281723772174,1
9.5,0.0215798187885638,0.0336356891589606,1
9.5,0.0333508433152687,0.0498048877040868,1
9.5,0.0449985740334791,0.0660631277415588,1
9.5,0.0565747260366933,0.0823724105215734,1
9.5,0.0681793697460634,0.0986614327260698,1
9.5,0.0798601714817427,0.114895929047538,1
9.5,0.091608724372843,0.131081462865272,1
9.5,0.103395278876197,0.147239344314876,1
9.5,0.115236510560648,0.163357198768716,1
9.5,0.12718008140153,0.179399365566528,1
9.5,0.139275496207924,0.195327357927817,1
9.5,0.151542568738314,0.211123526182623,1
9.5,0.163972926709957,0.226791525438968,1
9.5,0.176544005802934,0.242346845121896,1
9.5,0.189234953237893,0.2578045245468,1
9.5,0.202033733836108,0.273173038307043,1
9.5,0.214957003192774,0.288437019083205,1
9.5,0.228066812317981,0.303541088227004,1
9.5,0.24146223486179,0.318392440181382,1
9.5,0.255225087837634,0.332903948647606,1
9.5,0.269384399314901,0.347028887532066,1
9.5,0.28400876321831,0.360671760412097,1
9.5,0.299209528184051,0.373669327278872,1
9.5,0.315051896060685,0.38587667670704,1
9.5,0.331475006840934,0.397290765908534,1
9.5,0.34830350415541,0.408098248415421,1
9.5,0.365348436997023,0.418561052266441,1
9.5,0.382560452671372,0.428746655656813,1
9.5,0.399914930839865,0.438687585568008,1
9.5,0.417322877624807,0.448534584538895,1
9.5,0.434716335312656,0.458407154096057,1
9.5,0.452064690579885,0.468358765499343,1
9.5,0.469344714997798,0.478428559743335,1
9.5,0.486553559462188,0.488619520061206,1
9.5,0.503691805685277,0.49892876428165,1
9.5,0.520815487366082,0.509262182191252,1
9.5,0.538034257100545,0.519436363673393,1
9.5,0.555402510867869,0.529353205966877,1
9.5,0.572910029391183,0.539022062939436,1
9.5,0.590542472169487,0.548461181630811,1
9.5,0.608300282313227,0.557662278244742,1
9.5,0.62616648166068,0.566651100240813,1
9.5,0.644081892193379,0.575541435748816,1
9.5,0.662135286555664,0.58414811640978,1
9.5,0.680050997777765,0.593037845956075,1
9.5,0.697846322643912,0.602166176192669,1
9.5,0.715947023538009,0.610672916293461,1
9.5,0.734680872212283,0.617675980897576,1
9.5,0.754326905127989,0.621422097643623,1
10,0,0,1
10,0.00926468302158997,0.0177247185734912,1
10,0.0200089534399871,0.0345936442410124,1
10,0.0309858922554715,0.0513121015335114,1
10,0.0417996155386018,0.0681365893044922,1
10,0.0525134604060296,0.0850248552947202,1
10,0.0632374670603029,0.101906670400896,1
10,0.0740250497901496,0.118747931008306,1
10,0.0848686653874432,0.135553168310354,1
10,0.0957358595242321,0.152343168060007,1
10,0.106647397677055,0.169104383264743,1
10,0.117658508510627,0.185800353982578,1
10,0.12882668393097,0.202391672730057,1
10,0.140177450776794,0.218858612093877,1
10,0.151705840026037,0.235201691403418,1
10,0.163391308175909,0.251432829198358,1
10,0.175214107755349,0.267564208869805,1
10,0.187163006179232,0.283602407847737,1
10,0.199258425246168,0.29953039697365,1
10,0.211570239977399,0.315291717287122,1
10,0.224207743534601,0.330793120573331,1
10,0.237260512458327,0.345946510406098,1
10,0.250759577415282,0.360703720348628,1
10,0.264781051398751,0.374965496792357,1
10,0.279450778000966,0.388559580851839,1
10,0.294843868091193,0.401328792944767,1
10,0.310894688970734,0.413260731139917,1
10,0.327407156445954,0.424545163685677,1
10,0.34416534631507,0.435461347648521,1
10,0.361107316877207,0.44609006504394,1
10,0.378201655574234,0.456471952372905,1
10,0.395348422684722,0.46676701806763,1
10,0.412470325663637,0.477103382920933,1
10,0.429532555443091,0.487537955981347,1
10,0.446511357604961,0.498107737301133,1
10,0.46340617817761,0.508811243166875,1
10,0.480222470821523,0.519637706195689,1
10,0.497029269480493,0.530478901648076,1
10,0.513943632553249,0.541151498419387,1
10,0.531024774743302,0.551555083449711,1
10,0.548260940948919,0.561699765531095,1
10,0.565633139577462,0.571609695642374,1
10,0.583137497791303,0.581284272817711,1
10,0.600753241597177,0.590754519391365,1
10,0.618411198690437,0.600145821286874,1
10,0.636189590608729,0.609307086526982,1
10,0.653788606269241,0.618808383690056,1
10,0.671252152176545,0.62855643807765,1
10,0.689075362891294,0.637630200242135,1
10,0.707621085036764,0.645117268433559,1
10,0.727202651396809,0.649186943959591,1
0,0,0,2
0,0.00113881727936246,0.0199675510567577,2
0,0.00241091522851859,0.0399270542271213,2
0,0.00379942899825807,0.0598787967452885,2
0,0.00529208246374128,0.0798230186060677,2
0,0.00687899424537831,0.0997599619775402,2
0,0.00854059418180227,0.11969081960212,2
0,0.0102589848790874,0.139616861191244,2
0,0.0120253195584279,0.159538710046221,2
0,0.013841262134209,0.179456098242505,2
0,0.0157027071370944,0.199369285393266,2
0,0.0176123888978703,0.219277904520984,2
0,0.0195827835377477,0.239180606472306,2
0,0.0216157484804066,0.259077014528584,2
0,0.0237063800973218,0.278967445882437,2
0,0.0258615057592899,0.298850992683276,2
0,0.0280976691960259,0.318725588857392,2
0,0.0304300010071319,0.338589129033375,2
0,0.0328500544363448,0.358442172664007,2
0,0.0353365761244069,0.378287000954894,2
0,0.0378728206012008,0.398125535778664,2
0,0.0404548844580702,0.417958159060495,2
0,0.0430845317031133,0.437784529261988,2
0,0.0457563942553908,0.457605254538873,2
0,0.0484658913779004,0.477420870233146,2
0,0.0512051501992533,0.497232393675568,2
0,0.0539598637488647,0.517041774111603,2
0,0.0567302352566051,0.536848970826664,2
0,0.0595321502761025,0.556651730033994,2
0,0.0623957112081356,0.576445668974704,2
0,0.0653357571348902,0.596228391991229,2
0,0.0683500264853283,0.615999941760608,2
0,0.0714249219301182,0.635762153630832,2
0,0.0745508433300956,0.655516358636378,2
0,0.0777157884386765,0.675264348976149,2
0,0.0808893663556151,0.695010953828759,2
0,0.0840704961362278,0.714756343501259,2
0,0.0873219041779606,0.734490282432607,2
0,0.0906967261231769,0.754203490614891,2
0,0.0941820594011206,0.773897460553471,2
0,0.0977272260720627,0.793580747709717,2
0,0.101313287744542,0.81325662536946,2
0,0.104961654827523,0.83292104546332,2
0,0.108718852448435,0.852564962232575,2
0,0.112633856531536,0.872178038050236,2
0,0.116731617386775,0.891753746363685,2
0,0.120971288027289,0.911299211128177,2
0,0.125492075783363,0.930781574384838,2
0,0.130281916930266,0.950199540853741,2
0,0.13518626254154,0.969588903765533,2
0,0.139881376529811,0.989029991817315,2
0.5,0,0,2
0.5,0.00150842293659121,0.0199430353819163,2
0.5,0.00315180085165927,0.0398754037567047,2
0.5,0.00491252890285403,0.0597977489180992,2
0.5,0.00677760687837575,0.0797105961315246,2
0.5,0.00873704271846149,0.0996143799725079,2
0.5,0.0107740242993924,0.119510377209112,2
0.5,0.0128738801496473,0.139399836865124,2
0.5,0.0150293053324051,0.159283351199405,2
0.5,0.0172411939248597,0.179160663614683,2
0.5,0.0195056688785607,0.199032053933029,2
0.5,0.0218232496617758,0.218897320589011,2
0.5,0.0242020888661582,0.238755344761614,2
0.5,0.0266459074655435,0.258605477019443,2
0.5,0.029154892689606,0.278447477753881,2
0.5,0.0317362438367792,0.298280193812328,2
0.5,0.034405776689189,0.318101232996738,2
0.5,0.0371880803490217,0.337906757133818,2
0.5,0.0400744683844225,0.357697380269766,2
0.5,0.0430377173960617,0.377476641006584,2
0.5,0.046064707223712,0.397246247289545,2
0.5,0.0491559061037899,0.417005915542929,2
0.5,0.0523137171844659,0.436755047908144,2
0.5,0.0555329371192751,0.45649426326771,2
0.5,0.0588029368831021,0.476225129988271,2
0.5,0.0621085810310662,0.495950056268667,2
0.5,0.0654334781284325,0.515671746340563,2
0.5,0.0687902714216422,0.535388032471238,2
0.5,0.0722069605011808,0.555094027389886,2
0.5,0.0757063287336384,0.57478550833911,2
0.5,0.0792979544286218,0.594460371105268,2
0.5,0.0829779091554465,0.614118904448539,2
0.5,0.0867278874138645,0.633764200655555,2
0.5,0.0905324255692384,0.65339900367021,2
0.5,0.094389184519677,0.673023616033215,2
0.5,0.0983019863694776,0.692637131314373,2
0.5,0.102287614737339,0.712235977364926,2
0.5,0.106376473750113,0.731813546978483,2
0.5,0.110582402783838,0.751366300261928,2
0.5,0.114889550454873,0.770897006315215,2
0.5,0.119264689345907,0.79041259392318,2
0.5,0.123705047138035,0.809913445768109,2
0.5,0.128236092970602,0.829393425841589,2
0.5,0.132900848449277,0.84884182053946,2
0.5,0.137742935898179,0.868246824768709,2
0.5,0.142799560986045,0.887597032589835,2
0.5,0.148055113457126,0.90689416108668,2
0.5,0.153640174527236,0.92609851196983,2
0.5,0.159511014793928,0.945217435437509,2
0.5,0.165505110460587,0.964298075288912,2
0.5,0.171339285027646,0.983428219227761,2
1,0,0,2
1,0.0018801383807831,0.0199114308795,2
1,0.00389616387575698,0.0398095624803216,2
1,0.00602988650060651,0.0596954174471116,2
1,0.00826770999709521,0.0795698267716315,2
1,0.0105996333586935,0.0994334149025718,2
1,0.0130116904027813,0.119287431645188,2
1,0.015492486238076,0.13913297653626,2
1,0.0180362760610929,0.158970545271776,2
1,0.0206431714411235,0.178799919857919,2
1,0.0233095469754909,0.198621384019523,2
1,0.0260337136843341,0.218434988329249,2
1,0.0288194668276191,0.238240027572449,2
1,0.0316723582288768,0.258035507123413,2
1,0.0345976415338329,0.277820418484997,2
1,0.0376028414869037,0.297593348800003,2
1,0.0407029533259994,0.317351620652194,2
1,0.0439318261833401,0.33708925931722,2
1,0.047280577011642,0.356806913028804,2
1,0.0507162084264147,0.37650961428477,2
1,0.0542292873168601,0.396198653791803,2
1,0.0578246202530071,0.415872839444029,2
1,0.061505218898969,0.435531252238742,2
1,0.0652660593938452,0.455174471902842,2
1,0.069090561462846,0.474805396076814,2
1,0.0729564702226511,0.494428208043014,2
1,0.0768454215037538,0.514046466322821,2
1,0.0807822971063548,0.533655163640329,2
1,0.0848068927976638,0.553246044925292,2
1,0.0889345582219248,0.572815469498982,2
1,0.0931695753471493,0.592361943092678,2
1,0.0975063717186729,0.611886087049122,2
1,0.101922089932588,0.6313925329749,2
1,0.106395562527382,0.65088581497008,2
1,0.11093400793547,0.670364072419806,2
1,0.115574984371452,0.689818155223183,2
1,0.120352706692511,0.709239107038758,2
1,0.125265447071958,0.728626344644052,2
1,0.130288241724258,0.747985361506508,2
1,0.135402405884332,0.767320441670391,2
1,0.140592020672431,0.78663540732791,2
1,0.145870179683983,0.805926364728952,2
1,0.151266209900822,0.825184683915707,2
1,0.156819444714399,0.844398262007912,2
1,0.162567934818593,0.863554327927667,2
1,0.168560501418761,0.882635448060996,2
1,0.174806238322682,0.901635205178576,2
1,0.181426088789061,0.920507872711354,2
1,0.188345910191781,0.939272628818334,2
1,0.195396881586572,0.957988499153155,2
1,0.20233667597278,0.976745877804693,2
1.5,0,0,2
1.5,0.00225643132448707,0.0198723052934951,2
1.5,0.00464629357096036,0.0397290058865665,2
1.5,0.00715176206899713,0.059571450988049,2
1.5,0.00975939063992259,0.0794007291704764,2
1.5,0.0124596926595874,0.0992175999881054,2
1.5,0.0152418400416692,0.119023146078642,2
1.5,0.018097819030749,0.138818180405815,2
1.5,0.0210234763848962,0.158603036459022,2
1.5,0.0240181055995796,0.178377570483027,2
1.5,0.0270785061309225,0.198142032241137,2
1.5,0.0302008356578183,0.21789680529287,2
1.5,0.0333843619374948,0.237641808722259,2
1.5,0.0366363611613367,0.257375650240021,2
1.5,0.0399671247666055,0.277096350374798,2
1.5,0.0433843055380839,0.29680226003599,2
1.5,0.046901653408301,0.316490537359308,2
1.5,0.0505615417640923,0.336152816403792,2
1.5,0.0543551402723791,0.355789735977847,2
1.5,0.0582445044770594,0.375407912398793,2
1.5,0.0622242654467688,0.395007950731,2
1.5,0.0663035315454317,0.414587521413124,2
1.5,0.0704858180304893,0.434145345416752,2
1.5,0.0747663366457994,0.453681905000875,2
1.5,0.0791227687951378,0.473201677000779,2
1.5,0.0835260698409343,0.492710929674833,2
1.5,0.0879562297543372,0.512214100779596,2
1.5,0.0924497945184022,0.531702760962152,2
1.5,0.0970574001293775,0.551164774489373,2
1.5,0.10178637611993,0.570597653485568,2
1.5,0.106635461389958,0.590000910223652,2
1.5,0.11159749755442,0.609375589501064,2
1.5,0.116645490406065,0.628728051054307,2
1.5,0.121752944998176,0.648064904665728,2
1.5,0.126936634929633,0.6673814612609,2
1.5,0.132267484621091,0.686657924670123,2
1.5,0.137796682288476,0.705878433850552,2
1.5,0.143490165913895,0.725050920496971,2
1.5,0.149284187205972,0.744193264064751,2
1.5,0.155157185490463,0.763311524737479,2
1.5,0.161110569342189,0.782404906332,2
1.5,0.167173107854553,0.8014639101566,2
1.5,0.173378218198983,0.820476974234056,2
1.5,0.179761400075108,0.839430997267078,2
1.5,0.186354326768875,0.858313087130507,2
1.5,0.193215747094429,0.877099276502385,2
1.5,0.20037913790668,0.895772407789637,2
1.5,0.207953706057891,0.914282564928967,2
1.5,0.215837484711478,0.932663153443518,2
1.5,0.223858585447218,0.950984232641728,2
1.5,0.231817551395296,0.969332389525659,2
2,0,0,2
2,0.00263998676137024,0.0198249960882667,2
2,0.0054034023516504,0.0396331644608194,2
2,0.00827525697964016,0.0594259017903475,2
2,0.0112440900936535,0.0792043251335045,2
2,0.014302055095517,0.0989691638641235,2
2,0.0174418923146806,0.118721161794388,2
2,0.0206590365893216,0.138460715556217,2
2,0.0239509590746722,0.158187936504704,2
2,0.0273161394362362,0.177902792860614,2
2,0.0307522771131643,0.197605405831111,2
2,0.0342535948519887,0.217296540234486,2
2,0.037814571206566,0.236976973344612,2
2,0.041444049761077,0.25664488847109,2
2,0.0451573379479244,0.276297152738635,2
2,0.048961816911926,0.295931967222415,2
2,0.0528690984788574,0.3155465829657,2
2,0.0569285314426749,0.335130275263433,2
2,0.0611318600044764,0.354683587744993,2
2,0.0654378691502689,0.374214544844847,2
2,0.0698459528127812,0.393722717450817,2
2,0.0743693667151508,0.413204471136454,2
2,0.0790118538097649,0.432658193494305,2
2,0.0837688812151743,0.452084224747862,2
2,0.0886126469496118,0.471488810121167,2
2,0.093507760091544,0.490880505955407,2
2,0.09843313772882,0.510264536886311,2
2,0.103436072045293,0.529628695742947,2
2,0.108576624649991,0.548956776840623,2
2,0.113853320892438,0.568248134407289,2
2,0.11925907879648,0.587503725322212,2
2,0.124785371320875,0.606725069992521,2
2,0.13040163987469,0.625920317517141,2
2,0.136076415966903,0.645098349645158,2
2,0.141835970620769,0.664251091751424,2
2,0.147784328080725,0.683346039866792,2
2,0.153989429538966,0.702359106844345,2
2,0.160384568262464,0.721309098947436,2
2,0.16686684020831,0.740229462327142,2
2,0.173411597466946,0.7591283023028,2
2,0.180037592876092,0.777998813287879,2
2,0.186788981670104,0.796824825859639,2
2,0.193704017503026,0.815591346033326,2
2,0.200814325737275,0.834284754412056,2
2,0.208143996499735,0.852893245122319,2
2,0.215759048054996,0.871386784259291,2
2,0.223715452583686,0.88973605200969,2
2,0.232109001982798,0.907889518028186,2
2,0.240813764124546,0.92589582570232,2
2,0.249658898504867,0.943833595847856,2
2,0.258490984984967,0.961777794030222,2
2.5,0,0,2
2.5,0.0030405050546512,0.0197675321932871,2
2.5,0.00618450405781985,0.0395188681042596,2
2.5,0.00942311494035779,0.059254911262692,2
2.5,0.0127491952747509,0.0789764018151113,2
2.5,0.0161578129225549,0.0986837944821051,2
2.5,0.019645579127456,0.118377333699319,2
2.5,0.0232113010446112,0.138056907556736,2
2.5,0.0268540715000325,0.157722365176865,2
2.5,0.0305716050929866,0.17737382680152,2
2.5,0.0343633402206942,0.197011106264859,2
2.5,0.0382220255460512,0.216635339945691,2
2.5,0.0421370756988944,0.236248406567225,2
2.5,0.0461187464007913,0.255848057034048,2
2.5,0.0501873922229412,0.275429837371237,2
2.5,0.0543495762836367,0.294991949318695,2
2.5,0.0586133862466561,0.314532162331844,2
2.5,0.0630325615631102,0.334037825343453,2
2.5,0.0676001902684655,0.353509260010935,2
2.5,0.0722743470152526,0.372955397383341,2
2.5,0.0770600403639706,0.39237438652212,2
2.5,0.0819741832167149,0.411761268685656,2
2.5,0.0870201650333096,0.431114254695742,2
2.5,0.0921936178286796,0.450433555567515,2
2.5,0.097461577764931,0.469727300618957,2
2.5,0.102783013518604,0.489006364951012,2
2.5,0.108136836612203,0.508276460391421,2
2.5,0.113579896777954,0.527521540179045,2
2.5,0.119179831403426,0.546721559246495,2
2.5,0.124925782310762,0.565878386963277,2
2.5,0.13080513615423,0.584994694095757,2
2.5,0.136808944160444,0.604072280143906,2
2.5,0.142903853747561,0.623120956662889,2
2.5,0.149053510754885,0.642152029115388,2
2.5,0.155293327410695,0.661153731357605,2
2.5,0.161759969051805,0.680079442596168,2
2.5,0.168538305010689,0.698895769592383,2
2.5,0.175529453783831,0.717634068310031,2
2.5,0.18259166866723,0.736345698942894,2
2.5,0.189697466475829,0.755040822304437,2
2.5,0.196882760605617,0.773705536292828,2
2.5,0.204206397345459,0.792316402605357,2
2.5,0.211712260196256,0.81085452610438,2
2.5,0.21942788887615,0.829306330191623,2
2.5,0.227368687084204,0.847662357098853,2
2.5,0.235605287627505,0.865887570718729,2
2.5,0.244213115325396,0.883940418203916,2
2.5,0.253273513448686,0.901770426219828,2
2.5,0.262641583105843,0.919440719678021,2
2.5,0.272152122427232,0.937034742578321,2
2.5,0.281699605065643,0.954608745402642,2
3,0,0,2
3,0.00346811870813229,0.0196970087228062,2
3,0.00700866985916634,0.0393811266239698,2
3,0.0106226300610117,0.0590518991471698,2
3,0.0143097305572384,0.0787090935026907,2
3,0.0180691556485281,0.098352584103472,2
3,0.0219014059176589,0.117981997183713,2
3,0.0258083343219869,0.137596683274585,2
3,0.0297905393586265,0.157196225183675,2
3,0.0338450092729939,0.176780945598159,2
3,0.0379740953774476,0.196350070462138,2
3,0.0421697682394704,0.215905027103227,2
3,0.0464160916638151,0.235449047605055,2
3,0.0507245468047192,0.25497946527337,2
3,0.0551205678571893,0.274490359637961,2
3,0.0596091667143421,0.293980164159802,2
3,0.0641929710675168,0.313447797237601,2
3,0.0689263365891044,0.332879607519688,2
3,0.0738046946564341,0.352275525197564,2
3,0.0787889193282852,0.371644508248321,2
3,0.0838906336378761,0.39098287713257,2
3,0.0891295670242736,0.410284524134132,2
3,0.0945078986162276,0.429547793568135,2
3,0.100021303072264,0.448772838985614,2
3,0.10563220580026,0.467969655663829,2
3,0.111295122742461,0.487151192925105,2
3,0.116990713447473,0.506323053724751,2
3,0.122783937252744,0.525465638658402,2
3,0.128747635911782,0.54455580100198,2
3,0.134861203632677,0.563598497494915,2
3,0.141107364639703,0.582598115193024,2
3,0.147478383682274,0.60155622998219,2
3,0.153938904973886,0.620484031350565,2
3,0.160447338690819,0.639395411272514,2
3,0.167047521160297,0.658274966123452,2
3,0.173908087836286,0.677061467258158,2
3,0.181131470735682,0.695711473678766,2
3,0.188588044119843,0.714269477703084,2
3,0.196098447262207,0.732805762245548,2
3,0.203633389065199,0.751332085464836,2
3,0.211246142074061,0.769826570903097,2
3,0.219010041323405,0.788258116374002,2
3,0.226975095497663,0.806603631139228,2
3,0.235164042751513,0.824850305983529,2
3,0.243582793609861,0.842992098452441,2
3,0.252304017597537,0.860990438713609,2
3,0.26141842987151,0.878792896097354,2
3,0.270992049211811,0.896352674362669,2
3,0.280867102288928,0.913744722164009,2
3,0.290889242241669,0.931052428851138,2
3,0.301001600249607,0.948307579256721,2
3.5,0,0,2
3.5,0.00392744699837854,0.01961058795842,2
3.5,0.00788433894801038,0.0392152559254869,2
3.5,0.0118856094415525,0.0588109144864414,2
3.5,0.0159405388849318,0.0783955397626425,2
3.5,0.0200534747097111,0.0979680653764014,2
3.5,0.0242284774462964,0.117527445534001,2
3.5,0.0284698383238157,0.137072543587136,2
3.5,0.0327794503093621,0.156602706016927,2
3.5,0.037153635816568,0.17611850733659,2
3.5,0.0415991659727337,0.195618180708999,2
3.5,0.0461081756525445,0.215103273259648,2
3.5,0.0506590597908473,0.234578628290038,2
3.5,0.055264117741879,0.254041244796244,2
3.5,0.059953673804266,0.273483674272463,2
3.5,0.0647304920846975,0.292904848467545,2
3.5,0.0695899285705888,0.312305515390091,2
3.5,0.0745821981782212,0.33167242645419,2
3.5,0.0797061385739511,0.351004918141011,2
3.5,0.0849296775464945,0.370310736968565,2
3.5,0.0902719725249225,0.389584031558838,2
3.5,0.0957544157553748,0.408817929141618,2
3.5,0.101376987504155,0.428011331313453,2
3.5,0.107135312921899,0.447164443028874,2
3.5,0.112987944151976,0.466288948452145,2
3.5,0.118886519088332,0.485399333422631,2
3.5,0.124815681222811,0.504500250583414,2
3.5,0.130846332801985,0.523569368065106,2
3.5,0.137053376158518,0.542581801175314,2
3.5,0.143406602212853,0.561545886144079,2
3.5,0.149885851457047,0.580467284856425,2
3.5,0.156486943802875,0.599346521595284,2
3.5,0.163173334599273,0.618195717284168,2
3.5,0.169897432571574,0.637031494583204,2
3.5,0.176710320916303,0.655835338668982,2
3.5,0.183811513842008,0.674532211643678,2
3.5,0.191321896530749,0.693068504473386,2
3.5,0.199083521385297,0.711501007819846,2
3.5,0.206881440194656,0.729918186274828,2
3.5,0.214685956000602,0.748332570137307,2
3.5,0.222568220114738,0.766713808192318,2
3.5,0.230616726290679,0.785022864649051,2
3.5,0.238888211545698,0.803232272428438,2
3.5,0.247399502864079,0.821330833699812,2
3.5,0.256145777296758,0.839317014048854,2
3.5,0.265199236832517,0.857150546240609,2
3.5,0.274661358384197,0.874770655654039,2
3.5,0.28458150426744,0.892137022736857,2
3.5,0.294795988829674,0.909331914569255,2
3.5,0.305166903465416,0.926432912482188,2
3.5,0.315685096193059,0.94344372145014,2
4,0,0,2
4,0.00441081660541099,0.0195075548666005,2
4,0.00879637030698573,0.0390208046915427,2
4,0.0131897228946405,0.0585323000991363,2
4,0.0176123395873242,0.0780371831182573,2
4,0.0220745879295106,0.0975330375425357,2
4,0.0265835030109801,0.117018151983773,2
4,0.0311450563517838,0.136491010816492,2
4,0.0357622328556865,0.155950755962094,2
4,0.04043079125479,0.175398238124939,2
4,0.045163649402114,0.194830171990546,2
4,0.0499542187739936,0.214247958813281,2
4,0.0547748543749408,0.23365830328222,2
4,0.0596378309055347,0.253058083158881,2
4,0.0645775896333071,0.272438454252114,2
4,0.06959437116239,0.291799030253087,2
4,0.0746758354136359,0.311142730030102,2
4,0.0798638169193586,0.330458134449795,2
4,0.0851614569972355,0.34974375110069,2
4,0.0905474138556644,0.369004889922658,2
4,0.0960481658445065,0.388233559339892,2
4,0.101685170812491,0.407422727508182,2
4,0.107455437594787,0.426572245028504,2
4,0.113354770774963,0.445682395944425,2
4,0.119338833332592,0.464766184753422,2
4,0.125358227083643,0.483838858893924,2
4,0.131403807525618,0.502903248659128,2
4,0.13754836581241,0.521935967946193,2
4,0.143864268752939,0.540912515842105,2
4,0.150313076280892,0.55984431135831,2
4,0.156875232795774,0.578737116916887,2
4,0.163553201098706,0.597589298205667,2
4,0.170310126510132,0.61641332431552,2
4,0.177091420080887,0.635228585608078,2
4,0.183953456447603,0.654014549967191,2
4,0.191124082761705,0.672684903961251,2
4,0.198742867416833,0.691176905485661,2
4,0.206627453117834,0.709557147821484,2
4,0.214530659272201,0.727929391355728,2
4,0.22242353667548,0.746306074579227,2
4,0.230395584492406,0.764648551336869,2
4,0.238552375372845,0.782909623663892,2
4,0.246958786087301,0.801057137512899,2
4,0.255624434367984,0.819082301586368,2
4,0.264530886348131,0.836989705449725,2
4,0.273746540613579,0.85473996506641,2
4,0.283379105741832,0.872267477412717,2
4,0.293460341870086,0.889540829088822,2
4,0.303828796995482,0.906643318331989,2
4,0.314366683543057,0.923641934367138,2
4,0.325104252019354,0.940515126810089,2
4.5,0,0,2
4.5,0.00490020513263863,0.0193904097341459,2
4.5,0.00971001383569704,0.0388034399005054,2
4.5,0.0144845868986401,0.0582251661900663,2
4.5,0.019260095859251,0.077646662377722,2
4.5,0.0240537522388569,0.0970636873433099,2
4.5,0.0288750780058748,0.116473860393757,2
4.5,0.0337311238006472,0.135875376294301,2
4.5,0.0386258595579753,0.155267167389141,2
4.5,0.0435545466408734,0.17465035710701,2
4.5,0.0485379387167903,0.194019554390782,2
4.5,0.0535718808477614,0.213375675557535,2
4.5,0.0586224720309653,0.232727459162675,2
4.5,0.0637009924074681,0.252071932036998,2
4.5,0.0688447482427164,0.271399160909947,2
4.5,0.0740515298750078,0.290709505936218,2
4.5,0.0793019763267664,0.310008024326427,2
4.5,0.0846272420069703,0.329286031107089,2
4.5,0.0900354723390148,0.348540927748607,2
4.5,0.0955180378696873,0.367774790470429,2
4.5,0.101107301783199,0.386977918572514,2
4.5,0.106823054352783,0.406143778129636,2
4.5,0.112658989864575,0.425273384939557,2
4.5,0.118611513986736,0.444367034579558,2
4.5,0.124634766859506,0.463438490340214,2
4.5,0.130680248975417,0.482502911285687,2
4.5,0.136746446018259,0.501560750970117,2
4.5,0.142903384605854,0.520589468930836,2
4.5,0.149216288280163,0.539567014799543,2
4.5,0.155640353039478,0.558507220499802,2
4.5,0.162160315842203,0.577414628705347,2
4.5,0.16878808776418,0.596284515810209,2
4.5,0.175487661199022,0.615129030019685,2
4.5,0.182197157580095,0.633970013494875,2
4.5,0.188975333961514,0.652786397976023,2
4.5,0.196072182115006,0.671484920545634,2
4.5,0.203643678364196,0.689996334444861,2
4.5,0.21148951792353,0.70839314943032,2
4.5,0.219336917166853,0.726789299166498,2
4.5,0.227158717354085,0.745196347866141,2
4.5,0.235062245774865,0.763568452767374,2
4.5,0.243172208063303,0.781850370382332,2
4.5,0.251563249657722,0.800004995714757,2
4.5,0.260236357877363,0.818026571500754,2
4.5,0.269155569370483,0.835927623602264,2
4.5,0.27838137761908,0.853672607743145,2
4.5,0.288022649428989,0.871195332356842,2
4.5,0.298094726817767,0.888474026088559,2
4.5,0.308447515657215,0.905586003275482,2
4.5,0.318983512102024,0.922585790889302,2
4.5,0.329755254168934,0.939437187651706,2
5,0,0,2
5,0.00536676267601216,0.0192664957472645,2
5,0.0105693822709472,0.0385779625312869,2
5,0.0156887028141612,0.0579116780866536,2
5,0.0207779706441239,0.0772533262313931,2
5,0.0258621467945503,0.0965963134068899,2
5,0.0309530503206916,0.1159375310854,2
5,0.0360585190076571,0.135274909126035,2
5,0.0411835386259474,0.154607114740298,2
5,0.0463229198085386,0.173935507354792,2
5,0.0515067567807186,0.193252024490287,2
5,0.056734582648161,0.212556682909945,2
5,0.0619665314084045,0.231860224351095,2
5,0.0672119633522165,0.251160106312466,2
5,0.0725092813243273,0.270445811440937,2
5,0.0778543386391707,0.289718340135974,2
5,0.0832224771278296,0.308984452591957,2
5,0.0886341616773811,0.328238378693824,2
5,0.0941027280425634,0.347476226336157,2
5,0.0996323063121958,0.366696626023988,2
5,0.105259267686881,0.385888741740808,2
5,0.111000733376873,0.405046914193593,2
5,0.116847474955202,0.424173221022572,2
5,0.122796627536362,0.443267921427817,2
5,0.12880246476206,0.46234486875223,2
5,0.134819002859835,0.481418443910496,2
5,0.140851819103066,0.500486876677124,2
5,0.14696505203785,0.519529680648311,2
5,0.153214582379649,0.538528190340046,2
5,0.159550736025434,0.557497986252944,2
5,0.165964412902906,0.576441712098495,2
5,0.172478240065807,0.595351234982265,2
5,0.179059019186663,0.614237561945508,2
5,0.18563932633625,0.63312405335649,2
5,0.192275992378739,0.651990814176527,2
5,0.199228185948769,0.670743600757855,2
5,0.20666107057725,0.689311105331698,2
5,0.214366973126853,0.707766973392995,2
5,0.222060112907847,0.726228165128907,2
5,0.22971620596817,0.744704751368028,2
5,0.237457446636915,0.763145824897206,2
5,0.245428096143963,0.781488909328016,2
5,0.253713544134505,0.799691968180748,2
5,0.262304938183859,0.81775264226254,2
5,0.271145065429249,0.835692880563224,2
5,0.280283341753158,0.853483099949951,2
5,0.289825432664836,0.87106003088323,2
5,0.299773149236847,0.88841061977822,2
5,0.309995524820183,0.905600821563923,2
5,0.32041467301513,0.922672474995613,2
5,0.331091997365289,0.939583854144622,2
5.5,0,0,2
5.5,0.00577760834236686,0.0191473037747411,2
5.5,0.0113102279919529,0.0383668282176875,2
5.5,0.0167073026273106,0.0576248547360091,2
5.5,0.0220412468300565,0.0769004620997731,2
5.5,0.0273457774105384,0.0961841846480969,2
5.5,0.0326351470377583,0.115472071233896,2
5.5,0.0379180237456009,0.134761737215704,2
5.5,0.0432006388538358,0.154051474840106,2
5.5,0.0484775613160921,0.173342770528248,2
5.5,0.0537894766985201,0.192624460157788,2
5.5,0.059141165772701,0.211895148366913,2
5.5,0.0644880995411774,0.231167156546538,2
5.5,0.0698368236609914,0.250438667911506,2
5.5,0.0752242370513639,0.269699399386745,2
5.5,0.0806452571036614,0.288950699124492,2
5.5,0.0860728653133466,0.308200142470266,2
5.5,0.0915185427432853,0.327444481828349,2
5.5,0.097000098805363,0.346678632268082,2
5.5,0.102532475646443,0.365898226605328,2
5.5,0.108153443673346,0.385092098503424,2
5.5,0.113877069871664,0.404255608180462,2
5.5,0.119692334500392,0.423391508924819,2
5.5,0.125596872758214,0.442500052248733,2
5.5,0.13154756758226,0.461594272083832,2
5.5,0.137502864663564,0.480687057021431,2
5.5,0.143473027984987,0.499775198625986,2
5.5,0.149514261421356,0.518840966341116,2
5.5,0.155672851508274,0.537869149862969,2
5.5,0.161895744367366,0.556876401228283,2
5.5,0.168180051374363,0.575863435895177,2
5.5,0.174558678540981,0.594818992216986,2
5.5,0.181004476958046,0.613751812470888,2
5.5,0.187449008329596,0.63268506405114,2
5.5,0.193941155268807,0.651602041296982,2
5.5,0.200727619584683,0.670415438174987,2
5.5,0.207969190100778,0.689058390099519,2
5.5,0.215466825407429,0.707599842707351,2
5.5,0.222942655241483,0.726150097915629,2
5.5,0.23037732642089,0.744716887203336,2
5.5,0.237902152730649,0.763247321332302,2
5.5,0.245678695465964,0.781673535894328,2
5.5,0.253802997189731,0.799949085721931,2
5.5,0.262256059658783,0.818074916320673,2
5.5,0.270957354533798,0.836082899758528,2
5.5,0.27994340427646,0.853950493609475,2
5.5,0.28931364808757,0.871619634248463,2
5.5,0.299060410969142,0.889083901004626,2
5.5,0.309078099713603,0.906394184428623,2
5.5,0.319308331393469,0.923579712054397,2
5.5,0.329813941153493,0.940598294943995,2
6,0,0,2
6,0.00611388434956509,0.0190425948378928,2
6,0.0119006211883874,0.0381871417575307,2
6,0.0174985740837323,0.0573877387113106,2
6,0.0229997766987923,0.0766162792120365,2
6,0.0284470694127096,0.0958601614110343,2
6,0.0338572350276892,0.115114514373897,2
6,0.039239928931569,0.134376565311872,2
6,0.0446028990175138,0.153644117098678,2
6,0.0499408591881663,0.172918612713778,2
6,0.0553052770332182,0.192185761469723,2
6,0.060707321765148,0.211442394423441,2
6,0.0660998208059753,0.230701702668928,2
6,0.0714859877337893,0.249962782748345,2
6,0.0768988126341758,0.269216388296339,2
6,0.0823335785358052,0.288463812009514,2
6,0.0877641642957931,0.307712415551159,2
6,0.0931952351550135,0.326960882225731,2
6,0.0986473277956937,0.346203405081049,2
6,0.104143115967338,0.365433493806077,2
6,0.109719495226569,0.384640367428747,2
6,0.115388098192599,0.403820225103232,2
6,0.121137848024024,0.422975912949823,2
6,0.126966508859299,0.442107737558765,2
6,0.132835861396583,0.461227117799586,2
6,0.138710272869932,0.480344944293248,2
6,0.144601498094518,0.499457596263951,2
6,0.150556288031325,0.518550539379367,2
6,0.156611811372746,0.537611773260244,2
6,0.162713773328405,0.55665819182888,2
6,0.16886428091966,0.57568898940465,2
6,0.175104432649659,0.594690581611267,2
6,0.181416492113045,0.613668408286908,2
6,0.187735963157532,0.63264376824971,2
6,0.19409873272692,0.651604653339992,2
6,0.200719510759706,0.67047699549036,2
6,0.207741538322865,0.68920374451154,2
6,0.214988221418467,0.707844709725603,2
6,0.222209502688709,0.726495529997539,2
6,0.229393854290296,0.745160606800616,2
6,0.236674930901489,0.763788164970756,2
6,0.244224879987301,0.782308377410186,2
6,0.252147416262203,0.800672293631212,2
6,0.26041458155919,0.818883663100648,2
6,0.268924236502428,0.836982993827142,2
6,0.277700290490156,0.85495466254222,2
6,0.286833869235789,0.872747294143456,2
6,0.296312328218901,0.89035862047924,2
6,0.306060098503431,0.907822324968266,2
6,0.316038894568206,0.925155057848503,2
6,0.326310325039039,0.942315993606288,2
6.5,0,0,2
6.5,0.00638212670694464,0.0189543783516238,2
6.5,0.0123611245213315,0.0380397545631517,2
6.5,0.0181007402294796,0.057198481335116,2
6.5,0.0237106964948691,0.0763955746229139,2
6.5,0.0292425284589442,0.0956153257951127,2
6.5,0.0347156161752417,0.114851887620182,2
6.5,0.0401407567490212,0.134102026574349,2
6.5,0.0455273639347697,0.153362983534647,2
6.5,0.0508709423012304,0.172635922341209,2
6.5,0.0562318036159338,0.191904060963414,2
6.5,0.0616273664636076,0.211162511097233,2
6.5,0.0670103698336634,0.230424475553591,2
6.5,0.072381113845427,0.249689861839884,2
6.5,0.0777677460478463,0.268950811803888,2
6.5,0.0831669985218345,0.288208227848678,2
6.5,0.0885558444867406,0.30746855856148,2
6.5,0.0939338039676151,0.326731931885539,2
6.5,0.099322537092244,0.345992294169555,2
6.5,0.104749992052414,0.365241780725183,2
6.5,0.110251369882848,0.384470271096682,2
6.5,0.115837211286072,0.403674395024058,2
6.5,0.121497921929697,0.422856583507366,2
6.5,0.127230950161252,0.442017282536791,2
6.5,0.13300362054393,0.461166075622856,2
6.5,0.138786288523678,0.480311851946526,2
6.5,0.144589581395765,0.499451386732951,2
6.5,0.15044908992766,0.518573786157831,2
6.5,0.156392367995246,0.537670315837628,2
6.5,0.162367133875986,0.556757017298864,2
6.5,0.168379013432767,0.575832061314403,2
6.5,0.17447433558453,0.594880605822219,2
6.5,0.180647661496085,0.613904013697511,2
6.5,0.186842151994794,0.632920540390401,2
6.5,0.193078002293519,0.65192354465425,2
6.5,0.199526787894323,0.670855347639567,2
6.5,0.206306288639089,0.689671254996156,2
6.5,0.213270702985378,0.708419506456311,2
6.5,0.220211763050074,0.727176416787661,2
6.5,0.227128943092323,0.745942146729848,2
6.5,0.234150468328801,0.764669084102347,2
6.5,0.241445574833074,0.783291152223029,2
6.5,0.249117728535179,0.801761075275691,2
6.5,0.257133616564113,0.820084435750986,2
6.5,0.265378430720191,0.838305935127595,2
6.5,0.273867264515086,0.856415040594255,2
6.5,0.282679874411623,0.874368811975541,2
6.5,0.291801719064676,0.89216746220879,2
6.5,0.301190046818511,0.909827000764103,2
6.5,0.310827230082922,0.927351974336926,2
6.5,0.320773113205446,0.944703614285735,2
7,0,0,2
7,0.0065878486441613,0.0188838621643355,2
7,0.0127087215162078,0.0379242118272027,2
7,0.0185448824638304,0.0570537498611816,2
7,0.024219846852623,0.0762317262712707,2
7,0.0297929540753911,0.0954395495702166,2
7,0.0352864500892867,0.114670293225762,2
7,0.0407125032950647,0.133920174955479,2
7,0.0460822260894029,0.153185845904396,2
7,0.0513928325891091,0.172467896070426,2
7,0.0567095392916611,0.191748265097989,2
7,0.0620548788248972,0.211020715520144,2
7,0.0673849468303764,0.230297395085281,2
7,0.0726983531165139,0.249578673923534,2
7,0.0780183455394612,0.268858136587721,2
7,0.0833437707505775,0.288136099299605,2
7,0.0886559728022206,0.30741770995231,2
7,0.0939506075244814,0.32670415190405,2
7,0.0992494740245497,0.345989431622386,2
7,0.104584154364971,0.365264835267071,2
7,0.109987901247004,0.384520990637105,2
7,0.115471239922614,0.403754632959052,2
7,0.121027123193641,0.422967445378859,2
7,0.12665239745036,0.442160055663464,2
7,0.132319820535487,0.461340262012045,2
7,0.138005223431676,0.480515146468229,2
7,0.143716170114038,0.499682438608519,2
7,0.149475410982653,0.518835275072533,2
7,0.155299805474517,0.537968398936742,2
7,0.161141745991103,0.55709617274868,2
7,0.167009225101588,0.576216128001976,2
7,0.172951616827497,0.595312933509072,2
7,0.178978076677765,0.614383376127771,2
7,0.185041425184646,0.633442122279712,2
7,0.191144452012982,0.652488199658862,2
7,0.197410013318546,0.671481428492482,2
7,0.203926833721333,0.690389920019778,2
7,0.210585085430604,0.709249073876088,2
7,0.217227759735268,0.728113720124617,2
7,0.223868449022747,0.746979065225812,2
7,0.230623030896813,0.765803932388864,2
7,0.237643056097471,0.784531432120064,2
7,0.245022883971597,0.803120088353054,2
7,0.252727582629195,0.821576459030834,2
7,0.260639118024996,0.839945117329169,2
7,0.268767698569061,0.858218764429259,2
7,0.277177942918379,0.876364501944851,2
7,0.285854554191022,0.89438439142352,2
7,0.294789090624639,0.912277799671151,2
7,0.303985307612818,0.930038137311701,2
7,0.313501499494678,0.947629103517899,2
7.5,0,0,2
7.5,0.00673588586470105,0.01883156503368,2
7.5,0.0129559037888751,0.0378397573996825,2
7.5,0.0188537555657423,0.05695036556421,2
7.5,0.024562314458159,0.076118368991062,2
7.5,0.0301471522067204,0.0953227848197781,2
7.5,0.0356332855728913,0.114555630180998,2
7.5,0.0410343767124409,0.133812530619601,2
7.5,0.0463631907909577,0.153089556855943,2
7.5,0.05161923151476,0.172386552371041,2
7.5,0.0568695553760682,0.191685104113371,2
7.5,0.0621407983200091,0.210977952472956,2
7.5,0.0673948154784818,0.230275499044955,2
7.5,0.0726294814393085,0.249578303822463,2
7.5,0.0778632771419803,0.268881344581439,2
7.5,0.0830974901102152,0.288184272198854,2
7.5,0.0883183327400006,0.307490820368711,2
7.5,0.093518141137785,0.326803044285866,2
7.5,0.0987180118303397,0.346115251430072,2
7.5,0.103951919315064,0.365418261880293,2
7.5,0.109250964426958,0.384703492521955,2
7.5,0.11462646489294,0.403967552186009,2
7.5,0.120074828169265,0.423211131312803,2
7.5,0.12559230421844,0.442435008602434,2
7.5,0.131156818389658,0.461645323072487,2
7.5,0.136749108357767,0.480847570152258,2
7.5,0.142372380785959,0.500040767051116,2
7.5,0.148035530210093,0.519222235675805,2
7.5,0.153743976814938,0.538390272543456,2
7.5,0.159455988457837,0.557557247343653,2
7.5,0.165180987165149,0.576720347035542,2
7.5,0.170970214031407,0.595864141128955,2
7.5,0.176849093564274,0.614980594132534,2
7.5,0.182780968323758,0.634080669049607,2
7.5,0.188750045977887,0.653169150182452,2
7.5,0.194827932958384,0.67222326495728,2
7.5,0.201072876206638,0.691223282952694,2
7.5,0.207413872692945,0.710191460607932,2
7.5,0.213750636807293,0.729161052605629,2
7.5,0.22011357882607,0.748121879825603,2
7.5,0.226602851373931,0.76703984329421,2
7.5,0.233342962437708,0.785869896476502,2
7.5,0.240413309707025,0.804578455733999,2
7.5,0.247778848483728,0.823172778483938,2
7.5,0.255321857744928,0.841695818495919,2
7.5,0.263048320672222,0.860143088500805,2
7.5,0.271004486834968,0.878492459606942,2
7.5,0.279174667302131,0.89674754523079,2
7.5,0.287586320806145,0.914892629560393,2
7.5,0.296265357727934,0.932911350883234,2
7.5,0.305266880823287,0.950771154408577,2
8,0,0,2
8,0.00683861432241129,0.0187945032961585,2
8,0.0131259437478343,0.0377805373395339,2
8,0.0190615990727499,0.0568794377231633,2
8,0.0247840573178536,0.0760432961977254,2
8,0.0303634230082307,0.0952493025106746,2
8,0.0358271179480775,0.114488534241809,2
8,0.0411902919513975,0.13375602926867,2
8,0.0464672782932722,0.153047307483129,2
8,0.0516600819412074,0.172361416064008,2
8,0.0568359529338615,0.191680069212388,2
8,0.0620250252231435,0.210995180622282,2
8,0.0671960648922756,0.230315127535777,2
8,0.0723467333119426,0.249640515367089,2
8,0.0774909307459822,0.26896762670737,2
8,0.0826325592416333,0.288295421625899,2
8,0.0877627384797204,0.307626258674126,2
8,0.0928704837551135,0.326963035504862,2
8,0.0979754632871805,0.346300542685913,2
8,0.10311311961864,0.365629393852493,2
8,0.108312171889075,0.384941821340753,2
8,0.113585274143429,0.404234161598356,2
8,0.118933027388212,0.423505942399125,2
8,0.124351235815249,0.442758033647641,2
8,0.129822672226607,0.461995065216895,2
8,0.135332456329637,0.481221148518962,2
8,0.140878633075613,0.500436765175795,2
8,0.146455699141954,0.519643439382739,2
8,0.152057219142228,0.538842995984039,2
8,0.157647755528731,0.558045753674308,2
8,0.163237595557157,0.577248714082969,2
8,0.168879350529663,0.59643648625251,2
8,0.174615698252319,0.615596191751415,2
8,0.180420691122876,0.634735210999349,2
8,0.186259226033392,0.653864024608632,2
8,0.192150779982838,0.672976575251097,2
8,0.198122732916771,0.6920641570297,2
8,0.204144210305865,0.711136173442566,2
8,0.210174418095296,0.73020543126809,2
8,0.216262609481662,0.74925625607026,2
8,0.222492108976355,0.768261343179916,2
8,0.228955441886588,0.78718818464096,2
8,0.23571371771982,0.806011725959266,2
8,0.242731981615885,0.824739885823096,2
8,0.249892771851412,0.843414014536446,2
8,0.257196427457835,0.862032731323131,2
8,0.264668296294494,0.880584582338266,2
8,0.272292368956496,0.899074404296428,2
8,0.280133724570518,0.917473130940803,2
8,0.288241410831515,0.935756058044886,2
8,0.296665206837008,0.953895508446093,2
8.5,0,0,2
8.5,0.00691995460179806,0.018764706987029,2
8.5,0.0132598317275728,0.0377332588039199,2
8.5,0.0192225855066944,0.0568237162989506,2
8.5,0.0249505155651391,0.0759859400019963,2
8.5,0.0305174017026394,0.0951955672428385,2
8.5,0.0359528416795955,0.114442800609141,2
8.5,0.0412734359751063,0.133722097181956,2
8.5,0.0464950376424927,0.153028440078195,2
8.5,0.0516222375971061,0.172360067547847,2
8.5,0.0567218035028952,0.191699003081442,2
8.5,0.0618271350166517,0.211036417338127,2
8.5,0.0669144233185521,0.230378586237538,2
8.5,0.0719814033701437,0.249726085123874,2
8.5,0.0770375656340638,0.269076413884929,2
8.5,0.0820895356671291,0.288427837573769,2
8.5,0.0871332234627102,0.307781421567973,2
8.5,0.0921540901271477,0.327140938554147,2
8.5,0.0971698908640467,0.346501768674979,2
8.5,0.102217054424472,0.365854446525713,2
8.5,0.107321856596079,0.385192000527933,2
8.5,0.112498701972386,0.404510392592228,2
8.5,0.11775290158079,0.423807889488847,2
8.5,0.123079869167998,0.443085426061886,2
8.5,0.128466857120755,0.462346276531085,2
8.5,0.13390289960474,0.481593339738554,2
8.5,0.139380346524213,0.5008286607716,2
8.5,0.144878979793267,0.520057936165449,2
8.5,0.150380358527789,0.539286426278283,2
8.5,0.155855618780104,0.558522369851953,2
8.5,0.161315773670237,0.577762606559846,2
8.5,0.166814504212743,0.596991854137973,2
8.5,0.172411826670855,0.616192634885117,2
8.5,0.178092389544573,0.635368953755999,2
8.5,0.183801439226532,0.6545368110105,2
8.5,0.189505877005905,0.673706041292941,2
8.5,0.195201899939322,0.692877773680547,2
8.5,0.200899404875362,0.71204906569501,2
8.5,0.206618651355084,0.731213882931399,2
8.5,0.212428913155875,0.750351303285414,2
8.5,0.218396437726155,0.769440270007139,2
8.5,0.22457988522868,0.78846039032704,2
8.5,0.23102100657739,0.807394802273842,2
8.5,0.237685178762716,0.826251864852205,2
8.5,0.244454333453626,0.845071496750054,2
8.5,0.251321119792716,0.863855725384025,2
8.5,0.258288055294025,0.882603040117624,2
8.5,0.265338762310722,0.901319010051471,2
8.5,0.272577447509519,0.919963082476581,2
8.5,0.280077678829883,0.938503485118946,2
8.5,0.287883696089932,0.956917232552204,2
9,0,0,2
9,0.0069967393311198,0.0187362119632641,2
9,0.0133863139242833,0.0376880809085265,2
9,0.0193744313435895,0.0567705977701095,2
9,0.0251068011157122,0.075931493803324,2
9,0.0306606691432241,0.0951448888685638,2
9,0.0360677428457017,0.114400110341608,2
9,0.0413460595240802,0.133691024603061,2
9,0.0465129898173112,0.153012070934585,2
9,0.0515757461866726,0.172360675482317,2
9,0.0566005013155973,0.191719183583261,2
9,0.0616239106384288,0.211078040955929,2
9,0.0666297505574859,0.230441448886993,2
9,0.0716159641573938,0.249809920017572,2
9,0.0765877568282299,0.269182097944646,2
9,0.0815545356553007,0.288555561963323,2
9,0.0865168463472484,0.307930170929611,2
9,0.0914563103753788,0.327310617134867,2
9,0.0963884916044242,0.346692918038626,2
9,0.101350622671124,0.366067573010441,2
9,0.106366563633384,0.385428366802616,2
9,0.111452733873116,0.404770829735047,2
9,0.1166194471924,0.424091934089518,2
9,0.121861705384542,0.443392678350994,2
9,0.127170923894511,0.462675110739399,2
9,0.132539704393004,0.481941044299935,2
9,0.137954388471279,0.501194127074714,2
9,0.143379879035625,0.520444167389897,2
9,0.148785719809858,0.539699735039895,2
9,0.154149797409701,0.558966978524703,2
9,0.159483920759668,0.578242536313969,2
9,0.164842700186743,0.597511254046396,2
9,0.17030324496346,0.616751380104753,2
9,0.175860607789194,0.63596376461119,2
9,0.181440234857826,0.655169694991543,2
9,0.186956183000332,0.674394010742414,2
9,0.192373158855828,0.693646448836873,2
9,0.197742112405432,0.712912334172933,2
9,0.203145178390947,0.732168680606152,2
9,0.208672145166749,0.751389831410908,2
9,0.214372320464649,0.770560329619698,2
9,0.220270421218097,0.789670860944132,2
9,0.226388976146702,0.808711955597162,2
9,0.232693842697006,0.827692173134979,2
9,0.239065342922801,0.846650126212057,2
9,0.245486662961301,0.865591262634225,2
9,0.251936124119182,0.884522835489457,2
9,0.258396731317249,0.903450607535641,2
9,0.26501283078239,0.922324590365647,2
9,0.271883983568152,0.941107222220494,2
9,0.279050163518395,0.959779283299034,2
9.5,0,0,2
9.5,0.00707246616476092,0.0187077583464271,2
9.5,0.0135111607643247,0.0376429956529292,2
9.5,0.0195243765175148,0.0567176184881411,2
9.5,0.0252611192980526,0.0758772057036827,2
9.5,0.0308020439307787,0.0950943374931681,2
9.5,0.0361809485311468,0.114357446933239,2
9.5,0.0414173029693312,0.133659793738685,2
9.5,0.0465299966397329,0.152995262789955,2
9.5,0.0515288776098743,0.172360468418772,2
9.5,0.0564794992306501,0.191738067484908,2
9.5,0.0614217800678088,0.211117795556443,2
9.5,0.0663471407306032,0.230501830800463,2
9.5,0.0712537783836316,0.249890613819051,2
9.5,0.0761426529262008,0.269283883417213,2
9.5,0.0810259767989823,0.288678551446172,2
9.5,0.085908879182744,0.308073325595686,2
9.5,0.0907690292586196,0.327473813765832,2
9.5,0.0956196994258342,0.346876674352067,2
9.5,0.100498867742046,0.366272388222458,2
9.5,0.105427985941301,0.385655468312521,2
9.5,0.110425581090311,0.405021005814139,2
9.5,0.115507075579038,0.42436469764794,2
9.5,0.120667046561739,0.44368760373004,2
9.5,0.125900961950384,0.462990612037154,2
9.5,0.131204869448667,0.482274505970944,2
9.5,0.136558985685567,0.501544519964757,2
9.5,0.141913262070264,0.520814489461264,2
9.5,0.147225207186977,0.540096170899277,2
9.5,0.15247952488521,0.559393635642762,2
9.5,0.157688848956681,0.57870329495406,2
9.5,0.162908675266869,0.59801011792656,2
9.5,0.168233158247027,0.61728834089949,2
9.5,0.173667708252901,0.636535825572393,2
9.5,0.179117870195266,0.655778895358734,2
9.5,0.184444603529401,0.675056496661465,2
9.5,0.189580809812552,0.69438573319623,2
9.5,0.194618698892665,0.713740827451141,2
9.5,0.199702876807334,0.733083814162918,2
9.5,0.204943886688734,0.752384897433633,2
9.5,0.210374062013338,0.771633616766203,2
9.5,0.215984040712108,0.790830703498292,2
9.5,0.221777074350424,0.809973345982164,2
9.5,0.227719497690134,0.829070141651901,2
9.5,0.233689616316468,0.8481582972356,2
9.5,0.23966039892765,0.867246245134994,2
9.5,0.245585163989723,0.886348526646878,2
9.5,0.251446062707101,0.905470500034178,2
9.5,0.257428232078473,0.924554882382377,2
9.5,0.263658035952121,0.943559869719807,2
9.5,0.270171666444859,0.962469460350068,2
10,0,0,2
10,0.00714808151816586,0.0186789970450679,2
10,0.0136358624783037,0.0375974720949569,2
10,0.019674180149199,0.0566641634625056,2
10,0.0254153133555405,0.0758224355533556,2
10,0.0309433134062483,0.0950432892138821,2
10,0.0362940625309211,0.114314238432974,2
10,0.0414884592139175,0.133627918638975,2
10,0.0465469097846136,0.152977649330223,2
10,0.0514818998680487,0.172359235252856,2
10,0.0563583598623229,0.191755630225227,2
10,0.0612194760782166,0.211155876335408,2
10,0.0660643305602555,0.230560189903475,2
10,0.0708913768894754,0.249968941118727,2
10,0.0756973226068157,0.269382927977741,2
10,0.0804971919454641,0.288798418039337,2
10,0.0853007044552205,0.308213007078732,2
10,0.0900815644390169,0.327633186733291,2
10,0.0948507440225181,0.34705623814393,2
10,0.0996469652512159,0.36647262972232,2
10,0.104489266093789,0.385877580702676,2
10,0.109398288575506,0.405265760046647,2
10,0.114394578641453,0.42463163429949,2
10,0.119472287093863,0.443976320310701,2
10,0.124630938038783,0.463299578846167,2
10,0.129870025568806,0.482601184008763,2
10,0.135163624727648,0.501887910219956,2
10,0.140446706420101,0.521177520061289,2
10,0.145664712256057,0.540484835128277,2
10,0.150809174336115,0.559811876027153,2
10,0.155893549349876,0.579154810931646,2
10,0.160974212963928,0.598498721013138,2
10,0.166162419700848,0.617814064935911,2
10,0.171473972883918,0.637095854344143,2
10,0.176794444731078,0.656375184709163,2
10,0.181931455396238,0.675704207483893,2
10,0.186785796365215,0.695106150009241,2
10,0.19149111833943,0.714544769947883,2
10,0.196254984935311,0.733969125150994,2
10,0.201208835072364,0.753345899103838,2
10,0.206367883898007,0.772669051414335,2
10,0.211688423442344,0.791948363096995,2
10,0.217154219606764,0.811186997983311,2
10,0.222732029609712,0.830393456156827,2
10,0.22829809157352,0.849603322221302,2
10,0.233814947245995,0.868827377555416,2
10,0.239210437611685,0.888085847996075,2
10,0.244465700552401,0.907383055343874,2
10,0.249807127527397,0.926656590511839,2
10,0.25538824955949,0.945862086518526,2
10,0.261241344664311,0.964986449977055,2
