date;variety;image;point;x;y;slice;color;id;serie;green_leaves
01/06/2011;Rht3;Img0350.jpg;0;1424;3628;1;0;2183;0;1,8
01/06/2011;Rht3;Img0350.jpg;1;1384;3444;1;1;2184;0;1,8
01/06/2011;Rht3;Img0350.jpg;2;1368;3296;1;2;2185;0;1,8
01/06/2011;Rht3;Img0350.jpg;3;1384;3000;1;3;2186;0;1,8
01/06/2011;Rht3;Img0350.jpg;4;1368;2824;1;4;2187;0;1,8
01/06/2011;Rht3;Img0350.jpg;5;1360;2460;1;5;2188;0;1,8
01/06/2011;Rht3;Img0350.jpg;6;1368;2200;1;6;2189;0;1,8
01/06/2011;Rht3;Img0350.jpg;7;1376;1924;1;7;2190;0;1,8
01/06/2011;Rht3;Img0350.jpg;8;1376;1732;1;8;2191;0;1,8
01/06/2011;Rht3;Img0350.jpg;9;1356;1716;1;9;2192;1;1,8
01/06/2011;Rht3;Img0350.jpg;10;1288;1628;1;10;2193;1;1,8
01/06/2011;Rht3;Img0350.jpg;11;1216;1520;1;11;2194;1;1,8
01/06/2011;Rht3;Img0350.jpg;12;1156;1388;1;12;2195;1;1,8
01/06/2011;Rht3;Img0350.jpg;13;1100;1252;1;13;2196;1;1,8
01/06/2011;Rht3;Img0350.jpg;14;1052;1104;1;14;2197;1;1,8
01/06/2011;Rht3;Img0350.jpg;15;1028;992;1;15;2198;1;1,8
01/06/2011;Rht3;Img0350.jpg;16;992;868;1;16;2199;1;1,8
01/06/2011;Rht3;Img0350.jpg;17;960;676;1;17;2200;1;1,8
01/06/2011;Rht3;Img0350.jpg;18;1352;2444;1;18;2201;2;1,8
01/06/2011;Rht3;Img0350.jpg;19;1312;2324;1;19;2202;2;1,8
01/06/2011;Rht3;Img0350.jpg;20;1276;2200;1;20;2203;2;1,8
01/06/2011;Rht3;Img0350.jpg;21;1264;2080;1;21;2204;2;1,8
01/06/2011;Rht3;Img0350.jpg;22;1256;1972;1;22;2205;2;1,8
01/06/2011;Rht3;Img0350.jpg;23;1236;1840;1;23;2206;2;1,8
01/06/2011;Rht3;Img0350.jpg;24;1212;1704;1;24;2207;2;1,8
01/06/2011;Rht3;Img0350.jpg;25;1160;1576;1;25;2208;2;1,8
01/06/2011;Rht3;Img0350.jpg;26;1112;1512;1;26;2209;2;1,8
01/06/2011;Rht3;Img0350.jpg;27;1032;1464;1;27;2210;2;1,8
01/06/2011;Rht3;Img0350.jpg;28;928;1424;1;28;2211;2;1,8
01/06/2011;Rht3;Img0350.jpg;29;880;1408;1;29;2212;2;1,8
01/06/2011;Rht3;Img0350.jpg;30;1348;2828;1;30;2213;3;1,8
01/06/2011;Rht3;Img0350.jpg;31;1300;2736;1;31;2214;3;1,8
01/06/2011;Rht3;Img0350.jpg;32;1264;2568;1;32;2215;3;1,8
01/06/2011;Rht3;Img0350.jpg;33;1240;2440;1;33;2216;3;1,8
01/06/2011;Rht3;Img0350.jpg;34;1200;2368;1;34;2217;3;1,8
01/06/2011;Rht3;Img0350.jpg;35;1160;2304;1;35;2218;3;1,8
01/06/2011;Rht3;Img0350.jpg;36;1100;2312;1;36;2219;3;1,8
01/06/2011;Rht3;Img0350.jpg;37;1012;2360;1;37;2220;3;1,8
01/06/2011;Rht3;Img0350.jpg;38;908;2408;1;38;2221;3;1,8
01/06/2011;Rht3;Img0350.jpg;39;804;2480;1;39;2222;3;1,8
01/06/2011;Rht3;Img0350.jpg;40;748;2540;1;40;2223;3;1,8
01/06/2011;Rht3;Img0350.jpg;41;680;2628;1;41;2224;3;1,8
01/06/2011;Rht3;Img0350.jpg;42;1412;3100;1;42;2225;4;1,8
01/06/2011;Rht3;Img0350.jpg;43;1408;3016;1;43;2226;4;1,8
01/06/2011;Rht3;Img0350.jpg;44;1432;2924;1;44;2227;4;1,8
01/06/2011;Rht3;Img0350.jpg;45;1560;2960;1;45;2228;4;1,8
01/06/2011;Rht3;Img0350.jpg;46;1656;2964;1;46;2229;4;1,8
01/06/2011;Rht3;Img0350.jpg;47;1788;2936;1;47;2230;4;1,8
01/06/2011;Rht3;Img0350.jpg;48;1924;2916;1;48;2231;4;1,8
01/06/2011;Rht3;Img0350.jpg;49;2000;2952;1;49;2232;4;1,8
01/06/2011;Rht3;Img0350.jpg;50;2000;3052;1;50;2233;4;1,8
01/06/2011;Rht3;Img0350.jpg;51;2012;3140;1;51;2234;4;1,8
01/06/2011;Rht3;Img0350.jpg;52;2012;3244;1;52;2235;4;1,8
01/06/2011;Rht3;Img0350.jpg;53;1988;3288;1;53;2236;4;1,8
01/06/2011;Rht3;Img0351.jpg;0;1220;3848;2;0;2237;0;1,4
01/06/2011;Rht3;Img0351.jpg;1;1256;3788;2;1;2238;0;1,4
01/06/2011;Rht3;Img0351.jpg;2;1268;3712;2;2;2239;0;1,4
01/06/2011;Rht3;Img0351.jpg;3;1308;3600;2;3;2240;0;1,4
01/06/2011;Rht3;Img0351.jpg;4;1324;3428;2;4;2241;0;1,4
01/06/2011;Rht3;Img0351.jpg;5;1332;3276;2;5;2242;0;1,4
01/06/2011;Rht3;Img0351.jpg;6;1336;3120;2;6;2243;0;1,4
01/06/2011;Rht3;Img0351.jpg;7;1344;2948;2;7;2244;0;1,4
01/06/2011;Rht3;Img0351.jpg;8;1344;2760;2;8;2245;0;1,4
01/06/2011;Rht3;Img0351.jpg;9;1340;2600;2;9;2246;0;1,4
01/06/2011;Rht3;Img0351.jpg;10;1336;2492;2;10;2247;0;1,4
01/06/2011;Rht3;Img0351.jpg;11;1332;2272;2;11;2248;0;1,4
01/06/2011;Rht3;Img0351.jpg;12;1320;2064;2;12;2249;0;1,4
01/06/2011;Rht3;Img0351.jpg;13;1300;1884;2;13;2250;0;1,4
01/06/2011;Rht3;Img0351.jpg;14;1304;1744;2;14;2251;0;1,4
01/06/2011;Rht3;Img0351.jpg;15;1296;1592;2;15;2252;0;1,4
01/06/2011;Rht3;Img0351.jpg;16;1260;1500;2;16;2253;1;1,4
01/06/2011;Rht3;Img0351.jpg;17;1240;1376;2;17;2254;1;1,4
01/06/2011;Rht3;Img0351.jpg;18;1196;1240;2;18;2255;1;1,4
01/06/2011;Rht3;Img0351.jpg;19;1184;1132;2;19;2256;1;1,4
01/06/2011;Rht3;Img0351.jpg;20;1176;1024;2;20;2257;1;1,4
01/06/2011;Rht3;Img0351.jpg;21;1224;912;2;21;2258;1;1,4
01/06/2011;Rht3;Img0351.jpg;22;1300;800;2;22;2259;1;1,4
01/06/2011;Rht3;Img0351.jpg;23;1372;712;2;23;2260;1;1,4
01/06/2011;Rht3;Img0351.jpg;24;1420;648;2;24;2261;1;1,4
01/06/2011;Rht3;Img0351.jpg;25;1480;568;2;25;2262;1;1,4
01/06/2011;Rht3;Img0351.jpg;26;1328;2480;2;26;2263;2;1,4
01/06/2011;Rht3;Img0351.jpg;27;1288;2368;2;27;2264;2;1,4
01/06/2011;Rht3;Img0351.jpg;28;1272;2260;2;28;2265;2;1,4
01/06/2011;Rht3;Img0351.jpg;29;1268;2132;2;29;2266;2;1,4
01/06/2011;Rht3;Img0351.jpg;30;1268;2016;2;30;2267;2;1,4
01/06/2011;Rht3;Img0351.jpg;31;1300;1884;2;31;2268;2;1,4
01/06/2011;Rht3;Img0351.jpg;32;1380;1776;2;32;2269;2;1,4
01/06/2011;Rht3;Img0351.jpg;33;1476;1692;2;33;2270;2;1,4
01/06/2011;Rht3;Img0351.jpg;34;1572;1608;2;34;2271;2;1,4
01/06/2011;Rht3;Img0351.jpg;35;1660;1540;2;35;2272;2;1,4
01/06/2011;Rht3;Img0351.jpg;36;1836;1480;2;36;2273;2;1,4
01/06/2011;Rht3;Img0351.jpg;37;1960;1456;2;37;2274;2;1,4
01/06/2011;Rht3;Img0351.jpg;38;1336;2936;2;38;2275;3;1,4
01/06/2011;Rht3;Img0351.jpg;39;1336;2804;2;39;2276;3;1,4
01/06/2011;Rht3;Img0351.jpg;40;1352;2700;2;40;2277;3;1,4
01/06/2011;Rht3;Img0351.jpg;41;1420;2644;2;41;2278;3;1,4
01/06/2011;Rht3;Img0351.jpg;42;1488;2636;2;42;2279;3;1,4
01/06/2011;Rht3;Img0351.jpg;43;1536;2748;2;43;2280;3;1,4
01/06/2011;Rht3;Img0351.jpg;44;1544;2876;2;44;2281;3;1,4
01/06/2011;Rht3;Img0351.jpg;45;1524;2980;2;45;2282;3;1,4
01/06/2011;Rht3;Img0351.jpg;46;1504;3080;2;46;2283;3;1,4
01/06/2011;Rht3;Img0351.jpg;47;1464;3188;2;47;2284;3;1,4
01/06/2011;Rht3;Img0351.jpg;48;1416;3304;2;48;2285;3;1,4
01/06/2011;Rht3;Img0351.jpg;49;1384;3376;2;49;2286;3;1,4
01/06/2011;Rht3;Img0352.jpg;0;1312;4036;3;0;2287;0;2,4
01/06/2011;Rht3;Img0352.jpg;1;1276;3928;3;1;2288;0;2,4
01/06/2011;Rht3;Img0352.jpg;2;1248;3760;3;2;2289;0;2,4
01/06/2011;Rht3;Img0352.jpg;3;1232;3608;3;3;2290;0;2,4
01/06/2011;Rht3;Img0352.jpg;4;1228;3564;3;4;2291;0;2,4
01/06/2011;Rht3;Img0352.jpg;5;1228;3340;3;5;2292;0;2,4
01/06/2011;Rht3;Img0352.jpg;6;1208;3084;3;6;2293;0;2,4
01/06/2011;Rht3;Img0352.jpg;7;1200;2872;3;7;2294;0;2,4
01/06/2011;Rht3;Img0352.jpg;8;1200;2584;3;8;2295;0;2,4
01/06/2011;Rht3;Img0352.jpg;9;1188;2376;3;9;2296;0;2,4
01/06/2011;Rht3;Img0352.jpg;10;1192;2168;3;10;2297;0;2,4
01/06/2011;Rht3;Img0352.jpg;11;1208;1916;3;11;2298;0;2,4
01/06/2011;Rht3;Img0352.jpg;12;1228;1640;3;12;2299;0;2,4
01/06/2011;Rht3;Img0352.jpg;13;1240;1472;3;13;2300;0;2,4
01/06/2011;Rht3;Img0352.jpg;14;1216;1428;3;14;2301;1;2,4
01/06/2011;Rht3;Img0352.jpg;15;1188;1288;3;15;2302;1;2,4
01/06/2011;Rht3;Img0352.jpg;16;1136;1136;3;16;2303;1;2,4
01/06/2011;Rht3;Img0352.jpg;17;1120;1000;3;17;2304;1;2,4
01/06/2011;Rht3;Img0352.jpg;18;1080;872;3;18;2305;1;2,4
01/06/2011;Rht3;Img0352.jpg;19;1068;740;3;19;2306;1;2,4
01/06/2011;Rht3;Img0352.jpg;20;1040;580;3;20;2307;1;2,4
01/06/2011;Rht3;Img0352.jpg;21;1196;2360;3;21;2308;2;2,4
01/06/2011;Rht3;Img0352.jpg;22;1240;2184;3;22;2309;2;2,4
01/06/2011;Rht3;Img0352.jpg;23;1324;2008;3;23;2310;2;2,4
01/06/2011;Rht3;Img0352.jpg;24;1352;1864;3;24;2311;2;2,4
01/06/2011;Rht3;Img0352.jpg;25;1400;1700;3;25;2312;2;2,4
01/06/2011;Rht3;Img0352.jpg;26;1436;1532;3;26;2313;2;2,4
01/06/2011;Rht3;Img0352.jpg;27;1464;1376;3;27;2314;2;2,4
01/06/2011;Rht3;Img0352.jpg;28;1484;1216;3;28;2315;2;2,4
01/06/2011;Rht3;Img0352.jpg;29;1512;1080;3;29;2316;2;2,4
01/06/2011;Rht3;Img0352.jpg;30;1544;948;3;30;2317;2;2,4
01/06/2011;Rht3;Img0352.jpg;31;1204;2820;3;31;2318;3;2,4
01/06/2011;Rht3;Img0352.jpg;32;1172;2668;3;32;2319;3;2,4
01/06/2011;Rht3;Img0352.jpg;33;1124;2532;3;33;2320;3;2,4
01/06/2011;Rht3;Img0352.jpg;34;1068;2360;3;34;2321;3;2,4
01/06/2011;Rht3;Img0352.jpg;35;996;2176;3;35;2322;3;2,4
01/06/2011;Rht3;Img0352.jpg;36;924;2008;3;36;2323;3;2,4
01/06/2011;Rht3;Img0352.jpg;37;884;1892;3;37;2324;3;2,4
01/06/2011;Rht3;Img0352.jpg;38;820;1772;3;38;2325;3;2,4
01/06/2011;Rht3;Img0352.jpg;39;736;1672;3;39;2326;3;2,4
01/06/2011;Rht3;Img0352.jpg;40;656;1596;3;40;2327;3;2,4
01/06/2011;Rht3;Img0352.jpg;41;548;1612;3;41;2328;3;2,4
01/06/2011;Rht3;Img0352.jpg;42;1204;3316;3;42;2329;4;2,4
01/06/2011;Rht3;Img0352.jpg;43;1176;3192;3;43;2330;4;2,4
01/06/2011;Rht3;Img0352.jpg;44;1136;3092;3;44;2331;4;2,4
01/06/2011;Rht3;Img0352.jpg;45;992;3112;3;45;2332;4;2,4
01/06/2011;Rht3;Img0352.jpg;46;884;3164;3;46;2333;4;2,4
01/06/2011;Rht3;Img0352.jpg;47;824;3252;3;47;2334;4;2,4
01/06/2011;Rht3;Img0352.jpg;48;784;3388;3;48;2335;4;2,4
01/06/2011;Rht3;Img0352.jpg;49;716;3512;3;49;2336;4;2,4
01/06/2011;Rht3;Img0352.jpg;50;664;3640;3;50;2337;4;2,4
01/06/2011;Rht3;Img0352.jpg;51;564;3720;3;51;2338;4;2,4
01/06/2011;Rht3;Img0352.jpg;52;516;3780;3;52;2339;4;2,4
01/06/2011;Rht3;Img0353.jpg;0;1260;3868;4;0;2340;0;2,6
01/06/2011;Rht3;Img0353.jpg;1;1240;3756;4;1;2341;0;2,6
01/06/2011;Rht3;Img0353.jpg;2;1236;3616;4;2;2342;0;2,6
01/06/2011;Rht3;Img0353.jpg;3;1236;3464;4;3;2343;0;2,6
01/06/2011;Rht3;Img0353.jpg;4;1240;3340;4;4;2344;0;2,6
01/06/2011;Rht3;Img0353.jpg;5;1244;3196;4;5;2345;0;2,6
01/06/2011;Rht3;Img0353.jpg;6;1260;3060;4;6;2346;0;2,6
01/06/2011;Rht3;Img0353.jpg;7;1260;2944;4;7;2347;0;2,6
01/06/2011;Rht3;Img0353.jpg;8;1268;2788;4;8;2348;0;2,6
01/06/2011;Rht3;Img0353.jpg;9;1284;2608;4;9;2349;0;2,6
01/06/2011;Rht3;Img0353.jpg;10;1292;2460;4;10;2350;0;2,6
01/06/2011;Rht3;Img0353.jpg;11;1316;2284;4;11;2351;0;2,6
01/06/2011;Rht3;Img0353.jpg;12;1320;2100;4;12;2352;0;2,6
01/06/2011;Rht3;Img0353.jpg;13;1336;1944;4;13;2353;0;2,6
01/06/2011;Rht3;Img0353.jpg;14;1340;1876;4;14;2354;1;2,6
01/06/2011;Rht3;Img0353.jpg;15;1308;1704;4;15;2355;1;2,6
01/06/2011;Rht3;Img0353.jpg;16;1308;1568;4;16;2356;1;2,6
01/06/2011;Rht3;Img0353.jpg;17;1304;1444;4;17;2357;1;2,6
01/06/2011;Rht3;Img0353.jpg;18;1300;1292;4;18;2358;1;2,6
01/06/2011;Rht3;Img0353.jpg;19;1304;1156;4;19;2359;1;2,6
01/06/2011;Rht3;Img0353.jpg;20;1308;1068;4;20;2360;1;2,6
01/06/2011;Rht3;Img0353.jpg;21;1308;968;4;21;2361;1;2,6
01/06/2011;Rht3;Img0353.jpg;22;1316;888;4;22;2362;1;2,6
01/06/2011;Rht3;Img0353.jpg;23;1296;800;4;23;2363;1;2,6
01/06/2011;Rht3;Img0353.jpg;24;1280;720;4;24;2364;1;2,6
01/06/2011;Rht3;Img0353.jpg;25;1272;2604;4;25;2365;2;2,6
01/06/2011;Rht3;Img0353.jpg;26;1228;2488;4;26;2366;2;2,6
01/06/2011;Rht3;Img0353.jpg;27;1148;2344;4;27;2367;2;2,6
01/06/2011;Rht3;Img0353.jpg;28;1088;2200;4;28;2368;2;2,6
01/06/2011;Rht3;Img0353.jpg;29;1016;2084;4;29;2369;2;2,6
01/06/2011;Rht3;Img0353.jpg;30;932;1980;4;30;2370;2;2,6
01/06/2011;Rht3;Img0353.jpg;31;820;1880;4;31;2371;2;2,6
01/06/2011;Rht3;Img0353.jpg;32;728;1788;4;32;2372;2;2,6
01/06/2011;Rht3;Img0353.jpg;33;648;1688;4;33;2373;2;2,6
01/06/2011;Rht3;Img0353.jpg;34;584;1608;4;34;2374;2;2,6
01/06/2011;Rht3;Img0353.jpg;35;484;1528;4;35;2375;2;2,6
01/06/2011;Rht3;Img0353.jpg;36;1268;3064;4;36;2376;3;2,6
01/06/2011;Rht3;Img0353.jpg;37;1320;2928;4;37;2377;3;2,6
01/06/2011;Rht3;Img0353.jpg;38;1380;2784;4;38;2378;3;2,6
01/06/2011;Rht3;Img0353.jpg;39;1452;2664;4;39;2379;3;2,6
01/06/2011;Rht3;Img0353.jpg;40;1484;2552;4;40;2380;3;2,6
01/06/2011;Rht3;Img0353.jpg;41;1496;2480;4;41;2381;3;2,6
01/06/2011;Rht3;Img0353.jpg;42;1452;2344;4;42;2382;3;2,6
01/06/2011;Rht3;Img0353.jpg;43;1404;2200;4;43;2383;3;2,6
01/06/2011;Rht3;Img0353.jpg;44;1340;2116;4;44;2384;3;2,6
01/06/2011;Rht3;Img0353.jpg;45;1284;2020;4;45;2385;3;2,6
01/06/2011;Rht3;Img0353.jpg;46;1240;3336;4;46;2386;4;2,6
01/06/2011;Rht3;Img0353.jpg;47;1200;3216;4;47;2387;4;2,6
01/06/2011;Rht3;Img0353.jpg;48;1120;3064;4;48;2388;4;2,6
01/06/2011;Rht3;Img0353.jpg;49;1016;2960;4;49;2389;4;2,6
01/06/2011;Rht3;Img0353.jpg;50;916;2860;4;50;2390;4;2,6
01/06/2011;Rht3;Img0353.jpg;51;828;2740;4;51;2391;4;2,6
01/06/2011;Rht3;Img0353.jpg;52;688;2668;4;52;2392;4;2,6
01/06/2011;Rht3;Img0353.jpg;53;596;2612;4;53;2393;4;2,6
01/06/2011;Rht3;Img0353.jpg;54;488;2520;4;54;2394;4;2,6
01/06/2011;Rht3;Img0354.jpg;0;1116;3556;5;0;2395;0;2,4
01/06/2011;Rht3;Img0354.jpg;1;1120;3444;5;1;2396;0;2,4
01/06/2011;Rht3;Img0354.jpg;2;1092;3260;5;2;2397;0;2,4
01/06/2011;Rht3;Img0354.jpg;3;1088;3024;5;3;2398;0;2,4
01/06/2011;Rht3;Img0354.jpg;4;1104;2848;5;4;2399;0;2,4
01/06/2011;Rht3;Img0354.jpg;5;1088;2680;5;5;2400;0;2,4
01/06/2011;Rht3;Img0354.jpg;6;1096;2528;5;6;2401;0;2,4
01/06/2011;Rht3;Img0354.jpg;7;1088;2408;5;7;2402;0;2,4
01/06/2011;Rht3;Img0354.jpg;8;1112;2052;5;8;2403;0;2,4
01/06/2011;Rht3;Img0354.jpg;9;1080;1784;5;9;2404;0;2,4
01/06/2011;Rht3;Img0354.jpg;10;1092;1760;5;10;2405;1;2,4
01/06/2011;Rht3;Img0354.jpg;11;1140;1584;5;11;2406;1;2,4
01/06/2011;Rht3;Img0354.jpg;12;1180;1436;5;12;2407;1;2,4
01/06/2011;Rht3;Img0354.jpg;13;1204;1324;5;13;2408;1;2,4
01/06/2011;Rht3;Img0354.jpg;14;1240;1220;5;14;2409;1;2,4
01/06/2011;Rht3;Img0354.jpg;15;1276;1132;5;15;2410;1;2,4
01/06/2011;Rht3;Img0354.jpg;16;1292;1052;5;16;2411;1;2,4
01/06/2011;Rht3;Img0354.jpg;17;1092;2396;5;17;2412;2;2,4
01/06/2011;Rht3;Img0354.jpg;18;1068;2264;5;18;2413;2;2,4
01/06/2011;Rht3;Img0354.jpg;19;1064;2112;5;19;2414;2;2,4
01/06/2011;Rht3;Img0354.jpg;20;1048;1948;5;20;2415;2;2,4
01/06/2011;Rht3;Img0354.jpg;21;1040;1808;5;21;2416;2;2,4
01/06/2011;Rht3;Img0354.jpg;22;1032;1672;5;22;2417;2;2,4
01/06/2011;Rht3;Img0354.jpg;23;1016;1596;5;23;2418;2;2,4
01/06/2011;Rht3;Img0354.jpg;24;980;1496;5;24;2419;2;2,4
01/06/2011;Rht3;Img0354.jpg;25;956;1428;5;25;2420;2;2,4
01/06/2011;Rht3;Img0354.jpg;26;1104;2708;5;26;2421;3;2,4
01/06/2011;Rht3;Img0354.jpg;27;1140;2616;5;27;2422;3;2,4
01/06/2011;Rht3;Img0354.jpg;28;1152;2472;5;28;2423;3;2,4
01/06/2011;Rht3;Img0354.jpg;29;1152;2328;5;29;2424;3;2,4
01/06/2011;Rht3;Img0354.jpg;30;1152;2184;5;30;2425;3;2,4
01/06/2011;Rht3;Img0354.jpg;31;1148;2080;5;31;2426;3;2,4
01/06/2011;Rht3;Img0354.jpg;32;1144;1956;5;32;2427;3;2,4
01/06/2011;Rht3;Img0354.jpg;33;1144;1820;5;33;2428;3;2,4
01/06/2011;Rht3;Img0354.jpg;34;1156;1744;5;34;2429;3;2,4
01/06/2011;Rht3;Img0354.jpg;35;1180;1660;5;35;2430;3;2,4
01/06/2011;Rht3;Img0354.jpg;36;1204;1588;5;36;2431;3;2,4
01/06/2011;Rht3;Img0354.jpg;37;1232;1460;5;37;2432;3;2,4
01/06/2011;Rht3;Img0354.jpg;38;1068;2992;5;38;2433;4;2,4
01/06/2011;Rht3;Img0354.jpg;39;1064;2864;5;39;2434;4;2,4
01/06/2011;Rht3;Img0354.jpg;40;1040;2744;5;40;2435;4;2,4
01/06/2011;Rht3;Img0354.jpg;41;1016;2628;5;41;2436;4;2,4
01/06/2011;Rht3;Img0354.jpg;42;988;2536;5;42;2437;4;2,4
01/06/2011;Rht3;Img0354.jpg;43;908;2540;5;43;2438;4;2,4
01/06/2011;Rht3;Img0354.jpg;44;836;2600;5;44;2439;4;2,4
01/06/2011;Rht3;Img0354.jpg;45;844;2664;5;45;2440;4;2,4
01/06/2011;Rht3;Img0354.jpg;46;896;2752;5;46;2441;4;2,4
01/06/2011;Rht3;Img0354.jpg;47;916;2824;5;47;2442;4;2,4
01/06/2011;Rht3;Img0354.jpg;48;940;2936;5;48;2443;4;2,4
01/06/2011;Rht3;Img0354.jpg;49;960;3004;5;49;2444;4;2,4
01/06/2011;Rht3;Img0354.jpg;50;1096;3200;5;50;2445;5;2,4
01/06/2011;Rht3;Img0354.jpg;51;1064;3084;5;51;2446;5;2,4
01/06/2011;Rht3;Img0354.jpg;52;992;3040;5;52;2447;5;2,4
01/06/2011;Rht3;Img0354.jpg;53;896;3040;5;53;2448;5;2,4
01/06/2011;Rht3;Img0354.jpg;54;752;3076;5;54;2449;5;2,4
01/06/2011;Rht3;Img0354.jpg;55;656;3108;5;55;2450;5;2,4
01/06/2011;Rht3;Img0354.jpg;56;596;3188;5;56;2451;5;2,4
01/06/2011;Rht3;Img0354.jpg;57;580;3264;5;57;2452;5;2,4
01/06/2011;Rht3;Img0355.jpg;0;1440;3988;6;0;2453;0;1,6
01/06/2011;Rht3;Img0355.jpg;1;1408;3844;6;1;2454;0;1,6
01/06/2011;Rht3;Img0355.jpg;2;1372;3736;6;2;2455;0;1,6
01/06/2011;Rht3;Img0355.jpg;3;1328;3648;6;3;2456;0;1,6
01/06/2011;Rht3;Img0355.jpg;4;1300;3500;6;4;2457;0;1,6
01/06/2011;Rht3;Img0355.jpg;5;1300;3324;6;5;2458;0;1,6
01/06/2011;Rht3;Img0355.jpg;6;1280;3124;6;6;2459;0;1,6
01/06/2011;Rht3;Img0355.jpg;7;1280;2940;6;7;2460;0;1,6
01/06/2011;Rht3;Img0355.jpg;8;1272;2684;6;8;2461;0;1,6
01/06/2011;Rht3;Img0355.jpg;9;1252;2412;6;9;2462;0;1,6
01/06/2011;Rht3;Img0355.jpg;10;1256;2212;6;10;2463;0;1,6
01/06/2011;Rht3;Img0355.jpg;11;1268;2000;6;11;2464;0;1,6
01/06/2011;Rht3;Img0355.jpg;12;1268;1820;6;12;2465;0;1,6
01/06/2011;Rht3;Img0355.jpg;13;1260;1732;6;13;2466;0;1,6
01/06/2011;Rht3;Img0355.jpg;14;1236;1692;6;14;2467;1;1,6
01/06/2011;Rht3;Img0355.jpg;15;1152;1568;6;15;2468;1;1,6
01/06/2011;Rht3;Img0355.jpg;16;1092;1424;6;16;2469;1;1,6
01/06/2011;Rht3;Img0355.jpg;17;1020;1312;6;17;2470;1;1,6
01/06/2011;Rht3;Img0355.jpg;18;936;1156;6;18;2471;1;1,6
01/06/2011;Rht3;Img0355.jpg;19;848;1044;6;19;2472;1;1,6
01/06/2011;Rht3;Img0355.jpg;20;820;928;6;20;2473;1;1,6
01/06/2011;Rht3;Img0355.jpg;21;772;860;6;21;2474;1;1,6
01/06/2011;Rht3;Img0355.jpg;22;1232;2544;6;22;2475;2;1,6
01/06/2011;Rht3;Img0355.jpg;23;1196;2456;6;23;2476;2;1,6
01/06/2011;Rht3;Img0355.jpg;24;1172;2348;6;24;2477;2;1,6
01/06/2011;Rht3;Img0355.jpg;25;1144;2240;6;25;2478;2;1,6
01/06/2011;Rht3;Img0355.jpg;26;1112;2128;6;26;2479;2;1,6
01/06/2011;Rht3;Img0355.jpg;27;1028;2028;6;27;2480;2;1,6
01/06/2011;Rht3;Img0355.jpg;28;868;1964;6;28;2481;2;1,6
01/06/2011;Rht3;Img0355.jpg;29;760;1968;6;29;2482;2;1,6
01/06/2011;Rht3;Img0355.jpg;30;672;2048;6;30;2483;2;1,6
01/06/2011;Rht3;Img0355.jpg;31;556;2128;6;31;2484;2;1,6
01/06/2011;Rht3;Img0355.jpg;32;504;2200;6;32;2485;2;1,6
01/06/2011;Rht3;Img0355.jpg;33;368;2284;6;33;2486;2;1,6
01/06/2011;Rht3;Img0355.jpg;34;1296;3000;6;34;2487;3;1,6
01/06/2011;Rht3;Img0355.jpg;35;1300;2876;6;35;2488;3;1,6
01/06/2011;Rht3;Img0355.jpg;36;1332;2704;6;36;2489;3;1,6
01/06/2011;Rht3;Img0355.jpg;37;1412;2624;6;37;2490;3;1,6
01/06/2011;Rht3;Img0355.jpg;38;1508;2624;6;38;2491;3;1,6
01/06/2011;Rht3;Img0355.jpg;39;1480;2700;6;39;2492;3;1,6
01/06/2011;Rht3;Img0355.jpg;40;1416;2800;6;40;2493;3;1,6
01/06/2011;Rht3;Img0355.jpg;41;1304;2880;6;41;2494;3;1,6
01/06/2011;Rht3;Img0355.jpg;42;1136;2964;6;42;2495;3;1,6
01/06/2011;Rht3;Img0355.jpg;43;1008;3016;6;43;2496;3;1,6
01/06/2011;Rht3;Img0356.jpg;0;1336;3824;7;0;2497;0;2,6
01/06/2011;Rht3;Img0356.jpg;1;1332;3660;7;1;2498;0;2,6
01/06/2011;Rht3;Img0356.jpg;2;1332;3508;7;2;2499;0;2,6
01/06/2011;Rht3;Img0356.jpg;3;1360;3312;7;3;2500;0;2,6
01/06/2011;Rht3;Img0356.jpg;4;1360;3116;7;4;2501;0;2,6
01/06/2011;Rht3;Img0356.jpg;5;1360;2936;7;5;2502;0;2,6
01/06/2011;Rht3;Img0356.jpg;6;1348;2720;7;6;2503;0;2,6
01/06/2011;Rht3;Img0356.jpg;7;1348;2484;7;7;2504;0;2,6
01/06/2011;Rht3;Img0356.jpg;8;1340;2180;7;8;2505;0;2,6
01/06/2011;Rht3;Img0356.jpg;9;1332;1904;7;9;2506;0;2,6
01/06/2011;Rht3;Img0356.jpg;10;1324;1672;7;10;2507;0;2,6
01/06/2011;Rht3;Img0356.jpg;11;1308;1656;7;11;2508;1;2,6
01/06/2011;Rht3;Img0356.jpg;12;1256;1548;7;12;2509;1;2,6
01/06/2011;Rht3;Img0356.jpg;13;1196;1400;7;13;2510;1;2,6
01/06/2011;Rht3;Img0356.jpg;14;1132;1288;7;14;2511;1;2,6
01/06/2011;Rht3;Img0356.jpg;15;1096;1212;7;15;2512;1;2,6
01/06/2011;Rht3;Img0356.jpg;16;1052;1144;7;16;2513;1;2,6
01/06/2011;Rht3;Img0356.jpg;17;996;1048;7;17;2514;1;2,6
01/06/2011;Rht3;Img0356.jpg;18;948;960;7;18;2515;1;2,6
01/06/2011;Rht3;Img0356.jpg;19;920;920;7;19;2516;1;2,6
01/06/2011;Rht3;Img0356.jpg;20;1352;2420;7;20;2517;2;2,6
01/06/2011;Rht3;Img0356.jpg;21;1348;2260;7;21;2518;2;2,6
01/06/2011;Rht3;Img0356.jpg;22;1352;2128;7;22;2519;2;2,6
01/06/2011;Rht3;Img0356.jpg;23;1352;1984;7;23;2520;2;2,6
01/06/2011;Rht3;Img0356.jpg;24;1356;1812;7;24;2521;2;2,6
01/06/2011;Rht3;Img0356.jpg;25;1356;1680;7;25;2522;2;2,6
01/06/2011;Rht3;Img0356.jpg;26;1356;1560;7;26;2523;2;2,6
01/06/2011;Rht3;Img0356.jpg;27;1356;1516;7;27;2524;2;2,6
01/06/2011;Rht3;Img0356.jpg;28;1360;2860;7;28;2525;3;2,6
01/06/2011;Rht3;Img0356.jpg;29;1316;2736;7;29;2526;3;2,6
01/06/2011;Rht3;Img0356.jpg;30;1240;2712;7;30;2527;3;2,6
01/06/2011;Rht3;Img0356.jpg;31;1100;2668;7;31;2528;3;2,6
01/06/2011;Rht3;Img0356.jpg;32;968;2624;7;32;2529;3;2,6
01/06/2011;Rht3;Img0356.jpg;33;824;2548;7;33;2530;3;2,6
01/06/2011;Rht3;Img0356.jpg;34;692;2532;7;34;2531;3;2,6
01/06/2011;Rht3;Img0356.jpg;35;596;2508;7;35;2532;3;2,6
01/06/2011;Rht3;Img0356.jpg;36;460;2524;7;36;2533;3;2,6
01/06/2011;Rht3;Img0356.jpg;37;304;2540;7;37;2534;3;2,6
01/06/2011;Rht3;Img0356.jpg;38;1376;3188;7;38;2535;4;2,6
01/06/2011;Rht3;Img0356.jpg;39;1404;3056;7;39;2536;4;2,6
01/06/2011;Rht3;Img0356.jpg;40;1448;2932;7;40;2537;4;2,6
01/06/2011;Rht3;Img0356.jpg;41;1488;2764;7;41;2538;4;2,6
01/06/2011;Rht3;Img0356.jpg;42;1536;2628;7;42;2539;4;2,6
01/06/2011;Rht3;Img0356.jpg;43;1600;2488;7;43;2540;4;2,6
01/06/2011;Rht3;Img0356.jpg;44;1628;2368;7;44;2541;4;2,6
01/06/2011;Rht3;Img0356.jpg;45;1640;2296;7;45;2542;4;2,6
01/06/2011;Rht3;Img0357.jpg;0;1368;3704;8;0;2543;0;2,8
01/06/2011;Rht3;Img0357.jpg;1;1376;3568;8;1;2544;0;2,8
01/06/2011;Rht3;Img0357.jpg;2;1376;3432;8;2;2545;0;2,8
01/06/2011;Rht3;Img0357.jpg;3;1376;3284;8;3;2546;0;2,8
01/06/2011;Rht3;Img0357.jpg;4;1368;3048;8;4;2547;0;2,8
01/06/2011;Rht3;Img0357.jpg;5;1360;2864;8;5;2548;0;2,8
01/06/2011;Rht3;Img0357.jpg;6;1352;2684;8;6;2549;0;2,8
01/06/2011;Rht3;Img0357.jpg;7;1348;2528;8;7;2550;0;2,8
01/06/2011;Rht3;Img0357.jpg;8;1328;2328;8;8;2551;0;2,8
01/06/2011;Rht3;Img0357.jpg;9;1328;2268;8;9;2552;0;2,8
01/06/2011;Rht3;Img0357.jpg;10;1340;1968;8;10;2553;0;2,8
01/06/2011;Rht3;Img0357.jpg;11;1328;1708;8;11;2554;0;2,8
01/06/2011;Rht3;Img0357.jpg;12;1328;1548;8;12;2555;0;2,8
01/06/2011;Rht3;Img0357.jpg;13;1288;1512;8;13;2556;1;2,8
01/06/2011;Rht3;Img0357.jpg;14;1208;1356;8;14;2557;1;2,8
01/06/2011;Rht3;Img0357.jpg;15;1148;1196;8;15;2558;1;2,8
01/06/2011;Rht3;Img0357.jpg;16;1096;1072;8;16;2559;1;2,8
01/06/2011;Rht3;Img0357.jpg;17;1072;968;8;17;2560;1;2,8
01/06/2011;Rht3;Img0357.jpg;18;1044;884;8;18;2561;1;2,8
01/06/2011;Rht3;Img0357.jpg;19;988;760;8;19;2562;1;2,8
01/06/2011;Rht3;Img0357.jpg;20;1336;2252;8;20;2563;2;2,8
01/06/2011;Rht3;Img0357.jpg;21;1364;2132;8;21;2564;2;2,8
01/06/2011;Rht3;Img0357.jpg;22;1376;1972;8;22;2565;2;2,8
01/06/2011;Rht3;Img0357.jpg;23;1400;1804;8;23;2566;2;2,8
01/06/2011;Rht3;Img0357.jpg;24;1448;1644;8;24;2567;2;2,8
01/06/2011;Rht3;Img0357.jpg;25;1516;1452;8;25;2568;2;2,8
01/06/2011;Rht3;Img0357.jpg;26;1596;1316;8;26;2569;2;2,8
01/06/2011;Rht3;Img0357.jpg;27;1724;1192;8;27;2570;2;2,8
01/06/2011;Rht3;Img0357.jpg;28;1348;2692;8;28;2571;3;2,8
01/06/2011;Rht3;Img0357.jpg;29;1296;2572;8;29;2572;3;2,8
01/06/2011;Rht3;Img0357.jpg;30;1200;2448;8;30;2573;3;2,8
01/06/2011;Rht3;Img0357.jpg;31;1092;2392;8;31;2574;3;2,8
01/06/2011;Rht3;Img0357.jpg;32;960;2312;8;32;2575;3;2,8
01/06/2011;Rht3;Img0357.jpg;33;792;2248;8;33;2576;3;2,8
01/06/2011;Rht3;Img0357.jpg;34;636;2172;8;34;2577;3;2,8
01/06/2011;Rht3;Img0357.jpg;35;556;2160;8;35;2578;3;2,8
01/06/2011;Rht3;Img0357.jpg;36;476;2116;8;36;2579;3;2,8
01/06/2011;Rht3;Img0357.jpg;37;392;2104;8;37;2580;3;2,8
01/06/2011;Rht3;Img0357.jpg;38;304;2100;8;38;2581;3;2,8
01/06/2011;Rht3;Img0357.jpg;39;1392;2992;8;39;2582;4;2,8
01/06/2011;Rht3;Img0357.jpg;40;1416;2896;8;40;2583;4;2,8
01/06/2011;Rht3;Img0357.jpg;41;1424;2800;8;41;2584;4;2,8
01/06/2011;Rht3;Img0357.jpg;42;1432;2684;8;42;2585;4;2,8
01/06/2011;Rht3;Img0357.jpg;43;1432;2580;8;43;2586;4;2,8
01/06/2011;Rht3;Img0357.jpg;44;1440;2468;8;44;2587;4;2,8
01/06/2011;Rht3;Img0357.jpg;45;1472;2408;8;45;2588;4;2,8
01/06/2011;Rht3;Img0357.jpg;46;1544;2364;8;46;2589;4;2,8
01/06/2011;Rht3;Img0357.jpg;47;1616;2388;8;47;2590;4;2,8
01/06/2011;Rht3;Img0357.jpg;48;1672;2520;8;48;2591;4;2,8
01/06/2011;Rht3;Img0357.jpg;49;1704;2644;8;49;2592;4;2,8
01/06/2011;Rht3;Img0357.jpg;50;1732;2776;8;50;2593;4;2,8
01/06/2011;Rht3;Img0357.jpg;51;1748;2812;8;51;2594;4;2,8
01/06/2011;Rht3;Img0357.jpg;52;1364;3232;8;52;2595;5;2,8
01/06/2011;Rht3;Img0357.jpg;53;1328;3140;8;53;2596;5;2,8
01/06/2011;Rht3;Img0357.jpg;54;1292;3052;8;54;2597;5;2,8
01/06/2011;Rht3;Img0357.jpg;55;1252;2992;8;55;2598;5;2,8
01/06/2011;Rht3;Img0357.jpg;56;1212;3052;8;56;2599;5;2,8
01/06/2011;Rht3;Img0357.jpg;57;1216;3164;8;57;2600;5;2,8
01/06/2011;Rht3;Img0357.jpg;58;1212;3268;8;58;2601;5;2,8
01/06/2011;Rht3;Img0357.jpg;59;1184;3404;8;59;2602;5;2,8
01/06/2011;Rht3;Img0357.jpg;60;1216;3532;8;60;2603;5;2,8
01/06/2011;Rht3;Img0357.jpg;61;1260;3648;8;61;2604;5;2,8
01/06/2011;Rht3;Img0357.jpg;62;1308;3744;8;62;2605;5;2,8
01/06/2011;Rht3;Img0358.jpg;0;1476;3892;9;0;2606;0;2,6
01/06/2011;Rht3;Img0358.jpg;1;1464;3684;9;1;2607;0;2,6
01/06/2011;Rht3;Img0358.jpg;2;1456;3528;9;2;2608;0;2,6
01/06/2011;Rht3;Img0358.jpg;3;1444;3300;9;3;2609;0;2,6
01/06/2011;Rht3;Img0358.jpg;4;1416;3088;9;4;2610;0;2,6
01/06/2011;Rht3;Img0358.jpg;5;1416;2852;9;5;2611;0;2,6
01/06/2011;Rht3;Img0358.jpg;6;1400;2648;9;6;2612;0;2,6
01/06/2011;Rht3;Img0358.jpg;7;1404;2424;9;7;2613;0;2,6
01/06/2011;Rht3;Img0358.jpg;8;1380;2168;9;8;2614;0;2,6
01/06/2011;Rht3;Img0358.jpg;9;1372;1980;9;9;2615;0;2,6
01/06/2011;Rht3;Img0358.jpg;10;1364;1740;9;10;2616;0;2,6
01/06/2011;Rht3;Img0358.jpg;11;1352;1552;9;11;2617;0;2,6
01/06/2011;Rht3;Img0358.jpg;12;1340;1544;9;13;2619;1;2,6
01/06/2011;Rht3;Img0358.jpg;13;1316;1428;9;14;2620;1;2,6
01/06/2011;Rht3;Img0358.jpg;14;1264;1292;9;15;2621;1;2,6
01/06/2011;Rht3;Img0358.jpg;15;1236;1200;9;16;2622;1;2,6
01/06/2011;Rht3;Img0358.jpg;16;1228;1116;9;17;2623;1;2,6
01/06/2011;Rht3;Img0358.jpg;17;1184;940;9;18;2624;1;2,6
01/06/2011;Rht3;Img0358.jpg;18;1140;792;9;19;2625;1;2,6
01/06/2011;Rht3;Img0358.jpg;19;1100;684;9;20;2626;1;2,6
01/06/2011;Rht3;Img0358.jpg;20;1060;564;9;21;2627;1;2,6
01/06/2011;Rht3;Img0358.jpg;21;1392;2384;9;22;2628;2;2,6
01/06/2011;Rht3;Img0358.jpg;22;1444;2272;9;23;2629;2;2,6
01/06/2011;Rht3;Img0358.jpg;23;1472;2140;9;24;2630;2;2,6
01/06/2011;Rht3;Img0358.jpg;24;1492;2028;9;25;2631;2;2,6
01/06/2011;Rht3;Img0358.jpg;25;1524;1880;9;26;2632;2;2,6
01/06/2011;Rht3;Img0358.jpg;26;1580;1740;9;27;2633;2;2,6
01/06/2011;Rht3;Img0358.jpg;27;1636;1576;9;28;2634;2;2,6
01/06/2011;Rht3;Img0358.jpg;28;1696;1452;9;29;2635;2;2,6
01/06/2011;Rht3;Img0358.jpg;29;1768;1344;9;30;2636;2;2,6
01/06/2011;Rht3;Img0358.jpg;30;1872;1256;9;31;2637;2;2,6
01/06/2011;Rht3;Img0358.jpg;31;1984;1132;9;32;2638;2;2,6
01/06/2011;Rht3;Img0358.jpg;32;1376;2812;9;33;2639;3;2,6
01/06/2011;Rht3;Img0358.jpg;33;1296;2628;9;34;2640;3;2,6
01/06/2011;Rht3;Img0358.jpg;34;1244;2496;9;35;2641;3;2,6
01/06/2011;Rht3;Img0358.jpg;35;1140;2360;9;36;2642;3;2,6
01/06/2011;Rht3;Img0358.jpg;36;1012;2208;9;37;2643;3;2,6
01/06/2011;Rht3;Img0358.jpg;37;904;2044;9;38;2644;3;2,6
01/06/2011;Rht3;Img0358.jpg;38;832;1960;9;39;2645;3;2,6
01/06/2011;Rht3;Img0358.jpg;39;752;1840;9;40;2646;3;2,6
01/06/2011;Rht3;Img0359.jpg;0;1324;3576;10;0;2647;0;1,8
01/06/2011;Rht3;Img0359.jpg;1;1232;3420;10;1;2648;0;1,8
01/06/2011;Rht3;Img0359.jpg;2;1212;3344;10;2;2649;0;1,8
01/06/2011;Rht3;Img0359.jpg;3;1180;3032;10;3;2650;0;1,8
01/06/2011;Rht3;Img0359.jpg;4;1212;2792;10;4;2651;0;1,8
01/06/2011;Rht3;Img0359.jpg;5;1232;2452;10;5;2652;0;1,8
01/06/2011;Rht3;Img0359.jpg;6;1280;2140;10;6;2653;0;1,8
01/06/2011;Rht3;Img0359.jpg;7;1304;1900;10;7;2654;0;1,8
01/06/2011;Rht3;Img0359.jpg;8;1280;1908;10;8;2655;1;1,8
01/06/2011;Rht3;Img0359.jpg;9;1236;1788;10;9;2656;1;1,8
01/06/2011;Rht3;Img0359.jpg;10;1192;1612;10;10;2657;1;1,8
01/06/2011;Rht3;Img0359.jpg;11;1116;1472;10;11;2658;1;1,8
01/06/2011;Rht3;Img0359.jpg;12;1240;2423;10;12;2659;2;1,8
01/06/2011;Rht3;Img0359.jpg;13;1242;2223;10;13;2660;2;1,8
01/06/2011;Rht3;Img0359.jpg;14;1218;2053;10;14;2661;2;1,8
01/06/2011;Rht3;Img0359.jpg;15;1214;1923;10;15;2662;2;1,8
01/06/2011;Rht3;Img0359.jpg;16;1196;1791;10;16;2663;2;1,8
01/06/2011;Rht3;Img0359.jpg;17;1138;1633;10;17;2664;2;1,8
01/06/2011;Rht3;Img0359.jpg;18;1088;1549;10;18;2665;2;1,8
01/06/2011;Rht3;Img0359.jpg;19;1004;1461;10;19;2666;2;1,8
01/06/2011;Rht3;Img0359.jpg;20;946;1367;10;20;2667;2;1,8
01/06/2011;Rht3;Img0359.jpg;21;1206;2767;10;21;2668;3;1,8
01/06/2011;Rht3;Img0359.jpg;22;1222;2595;10;22;2669;3;1,8
01/06/2011;Rht3;Img0359.jpg;23;1204;2357;10;23;2670;3;1,8
01/06/2011;Rht3;Img0359.jpg;24;1192;2185;10;24;2671;3;1,8
01/06/2011;Rht3;Img0359.jpg;25;1148;1969;10;25;2672;3;1,8
01/06/2011;Rht3;Img0359.jpg;26;1118;1859;10;26;2673;3;1,8
01/06/2011;Rht3;Img0359.jpg;27;1074;1749;10;27;2674;3;1,8
01/06/2011;Rht3;Img0359.jpg;28;1036;1647;10;28;2675;3;1,8
01/06/2011;Rht3;Img0359.jpg;29;1014;1561;10;29;2676;3;1,8
01/06/2011;Rht3;Img0359.jpg;30;1166;3023;10;30;2677;4;1,8
01/06/2011;Rht3;Img0359.jpg;31;1166;2903;10;31;2678;4;1,8
01/06/2011;Rht3;Img0359.jpg;32;1162;2777;10;32;2679;4;1,8
01/06/2011;Rht3;Img0359.jpg;33;1160;2637;10;33;2680;4;1,8
01/06/2011;Rht3;Img0359.jpg;34;1182;2573;10;34;2681;4;1,8
01/06/2011;Rht3;Img0359.jpg;35;1188;2469;10;35;2682;4;1,8
01/06/2011;Rht3;Img0359.jpg;36;1166;2317;10;36;2683;4;1,8
01/06/2011;Rht3;Img0359.jpg;37;1190;2103;10;37;2684;4;1,8
01/06/2011;Rht3;Img0359.jpg;38;1248;1881;10;38;2685;4;1,8
01/06/2011;Rht3;Img0360.jpg;0;1316;3768;1;0;2686;0;2,1
01/06/2011;Rht3;Img0360.jpg;1;1364;3588;1;1;2687;0;2,1
01/06/2011;Rht3;Img0360.jpg;2;1392;3356;1;2;2688;0;2,1
01/06/2011;Rht3;Img0360.jpg;3;1396;3168;1;3;2689;0;2,1
01/06/2011;Rht3;Img0360.jpg;4;1420;2872;1;4;2690;0;2,1
01/06/2011;Rht3;Img0360.jpg;5;1416;2600;1;5;2691;0;2,1
01/06/2011;Rht3;Img0360.jpg;6;1428;2400;1;6;2692;0;2,1
01/06/2011;Rht3;Img0360.jpg;7;1444;2120;1;7;2693;0;2,1
01/06/2011;Rht3;Img0360.jpg;8;1444;1852;1;8;2694;0;2,1
01/06/2011;Rht3;Img0360.jpg;9;1420;1532;1;9;2695;0;2,1
01/06/2011;Rht3;Img0360.jpg;10;1404;1500;1;10;2696;1;2,1
01/06/2011;Rht3;Img0360.jpg;11;1476;1320;1;11;2697;1;2,1
01/06/2011;Rht3;Img0360.jpg;12;1536;1144;1;12;2698;1;2,1
01/06/2011;Rht3;Img0360.jpg;13;1624;956;1;13;2699;1;2,1
01/06/2011;Rht3;Img0360.jpg;14;1748;772;1;14;2700;1;2,1
01/06/2011;Rht3;Img0360.jpg;15;1852;668;1;15;2701;1;2,1
01/06/2011;Rht3;Img0360.jpg;16;1944;576;1;16;2702;1;2,1
01/06/2011;Rht3;Img0360.jpg;17;1424;2364;1;17;2703;2;2,1
01/06/2011;Rht3;Img0360.jpg;18;1368;2256;1;18;2704;2;2,1
01/06/2011;Rht3;Img0360.jpg;19;1308;2132;1;19;2705;2;2,1
01/06/2011;Rht3;Img0360.jpg;20;1256;2004;1;20;2706;2;2,1
01/06/2011;Rht3;Img0360.jpg;21;1236;1900;1;21;2707;2;2,1
01/06/2011;Rht3;Img0360.jpg;22;1236;1804;1;22;2708;2;2,1
01/06/2011;Rht3;Img0360.jpg;23;1268;1660;1;23;2709;2;2,1
01/06/2011;Rht3;Img0360.jpg;24;1280;1540;1;24;2710;2;2,1
01/06/2011;Rht3;Img0360.jpg;25;1284;1412;1;25;2711;2;2,1
01/06/2011;Rht3;Img0360.jpg;26;1316;1280;1;26;2712;2;2,1
01/06/2011;Rht3;Img0360.jpg;27;1344;1036;1;27;2713;2;2,1
01/06/2011;Rht3;Img0360.jpg;28;1420;2860;1;28;2714;3;2,1
01/06/2011;Rht3;Img0360.jpg;29;1496;2660;1;29;2715;3;2,1
01/06/2011;Rht3;Img0360.jpg;30;1568;2436;1;30;2716;3;2,1
01/06/2011;Rht3;Img0360.jpg;31;1660;2272;1;31;2717;3;2,1
01/06/2011;Rht3;Img0360.jpg;32;1780;2164;1;32;2718;3;2,1
01/06/2011;Rht3;Img0360.jpg;33;1916;2096;1;33;2719;3;2,1
01/06/2011;Rht3;Img0360.jpg;34;2120;2004;1;34;2720;3;2,1
01/06/2011;Rht3;Img0360.jpg;35;1368;3268;1;35;2721;4;2,1
01/06/2011;Rht3;Img0360.jpg;36;1416;3164;1;36;2722;4;2,1
01/06/2011;Rht3;Img0360.jpg;37;1544;3088;1;37;2723;4;2,1
01/06/2011;Rht3;Img0360.jpg;38;1684;3116;1;38;2724;4;2,1
01/06/2011;Rht3;Img0360.jpg;39;1772;3196;1;39;2725;4;2,1
01/06/2011;Rht3;Img0360.jpg;40;1888;3204;1;40;2726;4;2,1
01/06/2011;Rht3;Img0360.jpg;41;1908;3312;1;41;2727;4;2,1
01/06/2011;Rht3;Img0360.jpg;42;1944;3444;1;42;2728;4;2,1
01/06/2011;Rht3;Img0360.jpg;43;1956;3500;1;43;2729;4;2,1
01/06/2011;Rht3;Img0361.jpg;0;1260;3732;2;0;2730;0;2,8
01/06/2011;Rht3;Img0361.jpg;1;1244;3592;2;1;2731;0;2,8
01/06/2011;Rht3;Img0361.jpg;2;1260;3432;2;2;2732;0;2,8
01/06/2011;Rht3;Img0361.jpg;3;1284;3240;2;3;2733;0;2,8
01/06/2011;Rht3;Img0361.jpg;4;1308;3056;2;4;2734;0;2,8
01/06/2011;Rht3;Img0361.jpg;5;1308;2844;2;5;2735;0;2,8
01/06/2011;Rht3;Img0361.jpg;6;1312;2588;2;6;2736;0;2,8
01/06/2011;Rht3;Img0361.jpg;7;1304;2360;2;7;2737;0;2,8
01/06/2011;Rht3;Img0361.jpg;8;1304;2136;2;8;2738;0;2,8
01/06/2011;Rht3;Img0361.jpg;9;1280;1948;2;9;2739;0;2,8
01/06/2011;Rht3;Img0361.jpg;10;1284;1724;2;10;2740;0;2,8
01/06/2011;Rht3;Img0361.jpg;11;1260;1528;2;11;2741;0;2,8
01/06/2011;Rht3;Img0361.jpg;12;1260;1360;2;12;2742;0;2,8
01/06/2011;Rht3;Img0361.jpg;13;1236;1320;2;13;2743;1;2,8
01/06/2011;Rht3;Img0361.jpg;14;1168;1228;2;14;2744;1;2,8
01/06/2011;Rht3;Img0361.jpg;15;1120;1104;2;15;2745;1;2,8
01/06/2011;Rht3;Img0361.jpg;16;1060;988;2;16;2746;1;2,8
01/06/2011;Rht3;Img0361.jpg;17;1020;860;2;17;2747;1;2,8
01/06/2011;Rht3;Img0361.jpg;18;992;768;2;18;2748;1;2,8
01/06/2011;Rht3;Img0361.jpg;19;916;672;2;19;2749;1;2,8
01/06/2011;Rht3;Img0361.jpg;20;1308;2140;2;20;2750;2;2,8
01/06/2011;Rht3;Img0361.jpg;21;1328;1976;2;21;2751;2;2,8
01/06/2011;Rht3;Img0361.jpg;22;1344;1808;2;22;2752;2;2,8
01/06/2011;Rht3;Img0361.jpg;23;1368;1656;2;23;2753;2;2,8
01/06/2011;Rht3;Img0361.jpg;24;1396;1532;2;24;2754;2;2,8
01/06/2011;Rht3;Img0361.jpg;25;1428;1356;2;25;2755;2;2,8
01/06/2011;Rht3;Img0361.jpg;26;1416;1196;2;26;2756;2;2,8
01/06/2011;Rht3;Img0361.jpg;27;1416;1080;2;27;2757;2;2,8
01/06/2011;Rht3;Img0361.jpg;28;1416;924;2;28;2758;2;2,8
01/06/2011;Rht3;Img0361.jpg;29;1300;2592;2;29;2759;3;2,8
01/06/2011;Rht3;Img0361.jpg;30;1244;2380;2;30;2760;3;2,8
01/06/2011;Rht3;Img0361.jpg;31;1196;2148;2;31;2761;3;2,8
01/06/2011;Rht3;Img0361.jpg;32;1112;1948;2;32;2762;3;2,8
01/06/2011;Rht3;Img0361.jpg;33;1052;1716;2;33;2763;3;2,8
01/06/2011;Rht3;Img0361.jpg;34;1008;1508;2;34;2764;3;2,8
01/06/2011;Rht3;Img0361.jpg;35;972;1388;2;35;2765;3;2,8
01/06/2011;Rht3;Img0361.jpg;36;940;1284;2;36;2766;3;2,8
01/06/2011;Rht3;Img0361.jpg;37;1332;2972;2;37;2767;4;2,8
01/06/2011;Rht3;Img0361.jpg;38;1344;2784;2;38;2768;4;2,8
01/06/2011;Rht3;Img0361.jpg;39;1384;2688;2;39;2769;4;2,8
01/06/2011;Rht3;Img0361.jpg;40;1452;2676;2;40;2770;4;2,8
01/06/2011;Rht3;Img0361.jpg;41;1560;2760;2;41;2771;4;2,8
01/06/2011;Rht3;Img0361.jpg;42;1696;2864;2;42;2772;4;2,8
01/06/2011;Rht3;Img0361.jpg;43;1784;2960;2;43;2773;4;2,8
01/06/2011;Rht3;Img0361.jpg;44;1888;3036;2;44;2774;4;2,8
01/06/2011;Rht3;Img0361.jpg;45;1944;3112;2;45;2775;4;2,8
01/06/2011;Rht3;Img0362.jpg;0;1296;3468;3;0;2776;0;1,9
01/06/2011;Rht3;Img0362.jpg;1;1324;3304;3;1;2777;0;1,9
01/06/2011;Rht3;Img0362.jpg;2;1364;3164;3;2;2778;0;1,9
01/06/2011;Rht3;Img0362.jpg;3;1372;2788;3;3;2779;0;1,9
01/06/2011;Rht3;Img0362.jpg;4;1344;2584;3;4;2780;0;1,9
01/06/2011;Rht3;Img0362.jpg;5;1304;2264;3;5;2781;0;1,9
01/06/2011;Rht3;Img0362.jpg;6;1296;1912;3;6;2782;0;1,9
01/06/2011;Rht3;Img0362.jpg;7;1304;1884;3;7;2783;1;1,9
01/06/2011;Rht3;Img0362.jpg;8;1304;1732;3;8;2784;1;1,9
01/06/2011;Rht3;Img0362.jpg;9;1316;1560;3;9;2785;1;1,9
01/06/2011;Rht3;Img0362.jpg;10;1320;1376;3;10;2786;1;1,9
01/06/2011;Rht3;Img0362.jpg;11;1312;1228;3;11;2787;1;1,9
01/06/2011;Rht3;Img0362.jpg;12;1292;1060;3;12;2788;1;1,9
01/06/2011;Rht3;Img0362.jpg;13;1288;944;3;13;2789;1;1,9
01/06/2011;Rht3;Img0362.jpg;14;1264;828;3;14;2790;1;1,9
01/06/2011;Rht3;Img0362.jpg;15;1228;696;3;15;2791;1;1,9
01/06/2011;Rht3;Img0362.jpg;16;1332;2444;3;16;2792;2;1,9
01/06/2011;Rht3;Img0362.jpg;17;1312;2292;3;17;2793;2;1,9
01/06/2011;Rht3;Img0362.jpg;18;1308;2144;3;18;2794;2;1,9
01/06/2011;Rht3;Img0362.jpg;19;1368;2048;3;19;2795;2;1,9
01/06/2011;Rht3;Img0362.jpg;20;1512;2036;3;20;2796;2;1,9
01/06/2011;Rht3;Img0362.jpg;21;1700;2072;3;21;2797;2;1,9
01/06/2011;Rht3;Img0362.jpg;22;1864;2112;3;22;2798;2;1,9
01/06/2011;Rht3;Img0362.jpg;23;2028;2160;3;23;2799;2;1,9
01/06/2011;Rht3;Img0362.jpg;24;2172;2240;3;24;2800;2;1,9
01/06/2011;Rht3;Img0362.jpg;25;1384;2828;3;25;2801;3;1,9
01/06/2011;Rht3;Img0362.jpg;26;1416;2708;3;26;2802;3;1,9
01/06/2011;Rht3;Img0362.jpg;27;1488;2584;3;27;2803;3;1,9
01/06/2011;Rht3;Img0362.jpg;28;1604;2560;3;28;2804;3;1,9
01/06/2011;Rht3;Img0362.jpg;29;1688;2632;3;29;2805;3;1,9
01/06/2011;Rht3;Img0362.jpg;30;1812;2692;3;30;2806;3;1,9
01/06/2011;Rht3;Img0362.jpg;31;1904;2748;3;31;2807;3;1,9
01/06/2011;Rht3;Img0362.jpg;32;2000;2800;3;32;2808;3;1,9
01/06/2011;Rht3;Img0362.jpg;33;2096;2840;3;33;2809;3;1,9
01/06/2011;Rht3;Img0362.jpg;34;2064;2916;3;34;2810;3;1,9
01/06/2011;Rht3;Img0363.jpg;0;1308;3700;4;0;2811;0;2
01/06/2011;Rht3;Img0363.jpg;1;1332;3528;4;1;2812;0;2
01/06/2011;Rht3;Img0363.jpg;2;1352;3316;4;2;2813;0;2
01/06/2011;Rht3;Img0363.jpg;3;1356;3108;4;3;2814;0;2
01/06/2011;Rht3;Img0363.jpg;4;1336;2880;4;4;2815;0;2
01/06/2011;Rht3;Img0363.jpg;5;1316;2648;4;5;2816;0;2
01/06/2011;Rht3;Img0363.jpg;6;1244;2364;4;6;2817;0;2
01/06/2011;Rht3;Img0363.jpg;7;1212;2136;4;7;2818;0;2
01/06/2011;Rht3;Img0363.jpg;8;1192;1944;4;8;2819;0;2
01/06/2011;Rht3;Img0363.jpg;9;1156;1692;4;9;2820;0;2
01/06/2011;Rht3;Img0363.jpg;10;1104;1632;4;10;2821;1;2
01/06/2011;Rht3;Img0363.jpg;11;1004;1524;4;11;2822;1;2
01/06/2011;Rht3;Img0363.jpg;12;924;1384;4;12;2823;1;2
01/06/2011;Rht3;Img0363.jpg;13;876;1256;4;13;2824;1;2
01/06/2011;Rht3;Img0363.jpg;14;800;1120;4;14;2825;1;2
01/06/2011;Rht3;Img0363.jpg;15;736;992;4;15;2826;1;2
01/06/2011;Rht3;Img0363.jpg;16;632;848;4;16;2827;1;2
01/06/2011;Rht3;Img0363.jpg;17;572;736;4;17;2828;1;2
01/06/2011;Rht3;Img0363.jpg;18;1292;2516;4;18;2829;2;2
01/06/2011;Rht3;Img0363.jpg;19;1316;2356;4;19;2830;2;2
01/06/2011;Rht3;Img0363.jpg;20;1396;2116;4;20;2831;2;2
01/06/2011;Rht3;Img0363.jpg;21;1452;1932;4;21;2832;2;2
01/06/2011;Rht3;Img0363.jpg;22;1520;1760;4;22;2833;2;2
01/06/2011;Rht3;Img0363.jpg;23;1564;1596;4;23;2834;2;2
01/06/2011;Rht3;Img0363.jpg;24;1604;1492;4;24;2835;2;2
01/06/2011;Rht3;Img0363.jpg;25;1756;1360;4;25;2836;2;2
01/06/2011;Rht3;Img0363.jpg;26;1784;1316;4;26;2837;2;2
01/06/2011;Rht3;Img0363.jpg;27;1316;2868;4;27;2838;3;2
01/06/2011;Rht3;Img0363.jpg;28;1268;2776;4;28;2839;3;2
01/06/2011;Rht3;Img0363.jpg;29;1236;2680;4;29;2840;3;2
01/06/2011;Rht3;Img0363.jpg;30;1240;2604;4;30;2841;3;2
01/06/2011;Rht3;Img0363.jpg;31;1344;2588;4;31;2842;3;2
01/06/2011;Rht3;Img0363.jpg;32;1428;2616;4;32;2843;3;2
01/06/2011;Rht3;Img0363.jpg;33;1452;2712;4;33;2844;3;2
01/06/2011;Rht3;Img0363.jpg;34;1444;2824;4;34;2845;3;2
01/06/2011;Rht3;Img0363.jpg;35;1436;2928;4;35;2846;3;2
01/06/2011;Rht3;Img0363.jpg;36;1440;3088;4;36;2847;3;2
01/06/2011;Rht3;Img0363.jpg;37;1440;3184;4;37;2848;3;2
01/06/2011;Rht3;Img0363.jpg;38;1384;3268;4;38;2849;3;2
01/06/2011;Rht3;Img0363.jpg;39;1348;3300;4;39;2850;3;2
01/06/2011;Rht3;Img0363.jpg;40;1380;3152;4;40;2851;4;2
01/06/2011;Rht3;Img0363.jpg;41;1408;3052;4;41;2852;4;2
01/06/2011;Rht3;Img0363.jpg;42;1444;2916;4;42;2853;4;2
01/06/2011;Rht3;Img0363.jpg;43;1532;2764;4;43;2854;4;2
01/06/2011;Rht3;Img0363.jpg;44;1572;2656;4;44;2855;4;2
01/06/2011;Rht3;Img0363.jpg;45;1664;2620;4;45;2856;4;2
01/06/2011;Rht3;Img0363.jpg;46;1796;2728;4;46;2857;4;2
01/06/2011;Rht3;Img0363.jpg;47;1840;2836;4;47;2858;4;2
01/06/2011;Rht3;Img0363.jpg;48;1876;3000;4;48;2859;4;2
01/06/2011;Rht3;Img0364.jpg;0;1220;3568;5;0;2860;0;1,8
01/06/2011;Rht3;Img0364.jpg;1;1264;3460;5;1;2861;0;1,8
01/06/2011;Rht3;Img0364.jpg;2;1292;3300;5;2;2862;0;1,8
01/06/2011;Rht3;Img0364.jpg;3;1272;3032;5;3;2863;0;1,8
01/06/2011;Rht3;Img0364.jpg;4;1304;2732;5;4;2864;0;1,8
01/06/2011;Rht3;Img0364.jpg;5;1276;2484;5;5;2865;0;1,8
01/06/2011;Rht3;Img0364.jpg;6;1272;2256;5;6;2866;0;1,8
01/06/2011;Rht3;Img0364.jpg;7;1268;2056;5;7;2867;0;1,8
01/06/2011;Rht3;Img0364.jpg;8;1240;1896;5;8;2868;0;1,8
01/06/2011;Rht3;Img0364.jpg;9;1240;1752;5;9;2869;0;1,8
01/06/2011;Rht3;Img0364.jpg;10;1240;1652;5;10;2870;0;1,8
01/06/2011;Rht3;Img0364.jpg;11;1232;1632;5;11;2871;1;1,8
01/06/2011;Rht3;Img0364.jpg;12;1260;1548;5;12;2872;1;1,8
01/06/2011;Rht3;Img0364.jpg;13;1312;1412;5;13;2873;1;1,8
01/06/2011;Rht3;Img0364.jpg;14;1384;1268;5;14;2874;1;1,8
01/06/2011;Rht3;Img0364.jpg;15;1440;1148;5;15;2875;1;1,8
01/06/2011;Rht3;Img0364.jpg;16;1516;1040;5;16;2876;1;1,8
01/06/2011;Rht3;Img0364.jpg;17;1572;848;5;17;2877;1;1,8
01/06/2011;Rht3;Img0364.jpg;18;1281;2289;5;18;2878;2;1,8
01/06/2011;Rht3;Img0364.jpg;19;1320;2130;5;19;2879;2;1,8
01/06/2011;Rht3;Img0364.jpg;20;1344;1959;5;20;2880;2;1,8
01/06/2011;Rht3;Img0364.jpg;21;1365;1761;5;21;2881;2;1,8
01/06/2011;Rht3;Img0364.jpg;22;1392;1584;5;22;2882;2;1,8
01/06/2011;Rht3;Img0364.jpg;23;1407;1434;5;23;2883;2;1,8
01/06/2011;Rht3;Img0364.jpg;24;1425;1242;5;24;2884;2;1,8
01/06/2011;Rht3;Img0364.jpg;25;1446;1056;5;25;2885;2;1,8
01/06/2011;Rht3;Img0364.jpg;26;1280;2568;5;26;2886;3;1,8
01/06/2011;Rht3;Img0364.jpg;27;1268;2370;5;27;2887;3;1,8
01/06/2011;Rht3;Img0364.jpg;28;1241;2211;5;28;2888;3;1,8
01/06/2011;Rht3;Img0364.jpg;29;1202;2109;5;29;2889;3;1,8
01/06/2011;Rht3;Img0364.jpg;30;1121;1971;5;30;2890;3;1,8
01/06/2011;Rht3;Img0364.jpg;31;1040;1845;5;31;2891;3;1,8
01/06/2011;Rht3;Img0364.jpg;32;965;1743;5;32;2892;3;1,8
01/06/2011;Rht3;Img0364.jpg;33;869;1611;5;33;2893;3;1,8
01/06/2011;Rht3;Img0364.jpg;34;773;1518;5;34;2894;3;1,8
01/06/2011;Rht3;Img0364.jpg;35;743;1461;5;35;2895;3;1,8
01/06/2011;Rht3;Img0365.jpg;0;1652;3739;6;0;2896;0;1,7
01/06/2011;Rht3;Img0365.jpg;1;1612;3627;6;1;2897;0;1,7
01/06/2011;Rht3;Img0365.jpg;2;1576;3403;6;2;2898;0;1,7
01/06/2011;Rht3;Img0365.jpg;3;1576;3179;6;3;2899;0;1,7
01/06/2011;Rht3;Img0365.jpg;4;1572;2971;6;4;2900;0;1,7
01/06/2011;Rht3;Img0365.jpg;5;1568;2839;6;5;2901;0;1,7
01/06/2011;Rht3;Img0365.jpg;6;1576;2639;6;6;2902;0;1,7
01/06/2011;Rht3;Img0365.jpg;7;1584;2467;6;7;2903;0;1,7
01/06/2011;Rht3;Img0365.jpg;8;1556;2271;6;8;2904;0;1,7
01/06/2011;Rht3;Img0365.jpg;9;1560;2071;6;9;2905;0;1,7
01/06/2011;Rht3;Img0365.jpg;10;1588;1835;6;10;2906;0;1,7
01/06/2011;Rht3;Img0365.jpg;11;1584;1595;6;11;2907;0;1,7
01/06/2011;Rht3;Img0365.jpg;12;1620;1499;6;12;2908;0;1,7
01/06/2011;Rht3;Img0365.jpg;13;1584;1499;6;13;2909;1;1,7
01/06/2011;Rht3;Img0365.jpg;14;1480;1323;6;14;2910;1;1,7
01/06/2011;Rht3;Img0365.jpg;15;1396;1115;6;15;2911;1;1,7
01/06/2011;Rht3;Img0365.jpg;16;1296;863;6;16;2912;1;1,7
01/06/2011;Rht3;Img0365.jpg;17;1252;727;6;17;2913;1;1,7
01/06/2011;Rht3;Img0365.jpg;18;1188;615;6;18;2914;1;1,7
01/06/2011;Rht3;Img0365.jpg;19;1136;523;6;19;2915;1;1,7
01/06/2011;Rht3;Img0365.jpg;20;1560;2367;6;20;2916;2;1,7
01/06/2011;Rht3;Img0365.jpg;21;1628;2199;6;21;2917;2;1,7
01/06/2011;Rht3;Img0365.jpg;22;1688;2035;6;22;2918;2;1,7
01/06/2011;Rht3;Img0365.jpg;23;1728;1879;6;23;2919;2;1,7
01/06/2011;Rht3;Img0365.jpg;24;1720;1779;6;24;2920;2;1,7
01/06/2011;Rht3;Img0365.jpg;25;1648;1671;6;25;2921;2;1,7
01/06/2011;Rht3;Img0365.jpg;26;1520;1575;6;26;2922;2;1,7
01/06/2011;Rht3;Img0365.jpg;27;1424;1471;6;27;2923;2;1,7
01/06/2011;Rht3;Img0365.jpg;28;1332;1387;6;28;2924;2;1,7
01/06/2011;Rht3;Img0365.jpg;29;1264;1295;6;29;2925;2;1,7
01/06/2011;Rht3;Img0365.jpg;30;1232;1215;6;30;2926;2;1,7
01/06/2011;Rht3;Img0365.jpg;31;1532;2839;6;31;2927;3;1,7
01/06/2011;Rht3;Img0365.jpg;32;1476;2671;6;32;2928;3;1,7
01/06/2011;Rht3;Img0365.jpg;33;1476;2535;6;33;2929;3;1,7
01/06/2011;Rht3;Img0365.jpg;34;1476;2375;6;34;2930;3;1,7
01/06/2011;Rht3;Img0365.jpg;35;1504;2223;6;35;2931;3;1,7
01/06/2011;Rht3;Img0365.jpg;36;1552;2115;6;36;2932;3;1,7
01/06/2011;Rht3;Img0365.jpg;37;1552;1971;6;37;2933;3;1,7
01/06/2011;Rht3;Img0365.jpg;38;1560;1863;6;38;2934;3;1,7
01/06/2011;Rht3;Img0366.jpg;0;1640;3899;7;0;2935;0;2,1
01/06/2011;Rht3;Img0366.jpg;1;1644;3735;7;1;2936;0;2,1
01/06/2011;Rht3;Img0366.jpg;2;1648;3535;7;2;2937;0;2,1
01/06/2011;Rht3;Img0366.jpg;3;1644;3323;7;3;2938;0;2,1
01/06/2011;Rht3;Img0366.jpg;4;1664;3139;7;4;2939;0;2,1
01/06/2011;Rht3;Img0366.jpg;5;1672;2903;7;5;2940;0;2,1
01/06/2011;Rht3;Img0366.jpg;6;1672;2631;7;6;2941;0;2,1
01/06/2011;Rht3;Img0366.jpg;7;1672;2451;7;7;2942;0;2,1
01/06/2011;Rht3;Img0366.jpg;8;1672;2131;7;8;2943;0;2,1
01/06/2011;Rht3;Img0366.jpg;9;1664;1931;7;9;2944;0;2,1
01/06/2011;Rht3;Img0366.jpg;10;1648;1551;7;10;2945;0;2,1
01/06/2011;Rht3;Img0366.jpg;11;1644;1527;7;11;2946;1;2,1
01/06/2011;Rht3;Img0366.jpg;12;1680;1379;7;12;2947;1;2,1
01/06/2011;Rht3;Img0366.jpg;13;1696;1167;7;13;2948;1;2,1
01/06/2011;Rht3;Img0366.jpg;14;1708;967;7;14;2949;1;2,1
01/06/2011;Rht3;Img0366.jpg;15;1732;835;7;15;2950;1;2,1
01/06/2011;Rht3;Img0366.jpg;16;1768;707;7;16;2951;1;2,1
01/06/2011;Rht3;Img0366.jpg;17;1800;571;7;17;2952;1;2,1
01/06/2011;Rht3;Img0366.jpg;18;1656;2407;7;18;2953;2;2,1
01/06/2011;Rht3;Img0366.jpg;19;1600;2239;7;19;2954;2;2,1
01/06/2011;Rht3;Img0366.jpg;20;1552;2059;7;20;2955;2;2,1
01/06/2011;Rht3;Img0366.jpg;21;1504;1899;7;21;2956;2;2,1
01/06/2011;Rht3;Img0366.jpg;22;1452;1759;7;22;2957;2;2,1
01/06/2011;Rht3;Img0366.jpg;23;1380;1563;7;23;2958;2;2,1
01/06/2011;Rht3;Img0366.jpg;24;1316;1411;7;24;2959;2;2,1
01/06/2011;Rht3;Img0366.jpg;25;1224;1287;7;25;2960;2;2,1
01/06/2011;Rht3;Img0366.jpg;26;1064;1159;7;26;2961;2;2,1
01/06/2011;Rht3;Img0366.jpg;27;1708;2827;7;27;2962;3;2,1
01/06/2011;Rht3;Img0366.jpg;28;1732;2639;7;28;2963;3;2,1
01/06/2011;Rht3;Img0366.jpg;29;1780;2479;7;29;2964;3;2,1
01/06/2011;Rht3;Img0366.jpg;30;1908;2331;7;30;2965;3;2,1
01/06/2011;Rht3;Img0366.jpg;31;2012;2195;7;31;2966;3;2,1
01/06/2011;Rht3;Img0366.jpg;32;2096;2087;7;32;2967;3;2,1
01/06/2011;Rht3;Img0366.jpg;33;2188;1959;7;33;2968;3;2,1
01/06/2011;Rht3;Img0366.jpg;34;2284;1863;7;34;2969;3;2,1
01/06/2011;Rht3;Img0367.jpg;0;1612;3743;8;0;2970;0;1,4
01/06/2011;Rht3;Img0367.jpg;1;1640;3603;8;1;2971;0;1,4
01/06/2011;Rht3;Img0367.jpg;2;1648;3379;8;2;2972;0;1,4
01/06/2011;Rht3;Img0367.jpg;3;1660;3211;8;3;2973;0;1,4
01/06/2011;Rht3;Img0367.jpg;4;1676;3011;8;4;2974;0;1,4
01/06/2011;Rht3;Img0367.jpg;5;1684;2723;8;5;2975;0;1,4
01/06/2011;Rht3;Img0367.jpg;6;1684;2507;8;6;2976;0;1,4
01/06/2011;Rht3;Img0367.jpg;7;1672;2295;8;7;2977;0;1,4
01/06/2011;Rht3;Img0367.jpg;8;1672;2131;8;8;2978;0;1,4
01/06/2011;Rht3;Img0367.jpg;9;1688;2107;8;9;2979;1;1,4
01/06/2011;Rht3;Img0367.jpg;10;1632;1967;8;10;2980;1;1,4
01/06/2011;Rht3;Img0367.jpg;11;1608;1815;8;11;2981;1;1,4
01/06/2011;Rht3;Img0367.jpg;12;1580;1667;8;12;2982;1;1,4
01/06/2011;Rht3;Img0367.jpg;13;1532;1483;8;13;2983;1;1,4
01/06/2011;Rht3;Img0367.jpg;14;1664;2651;8;14;2984;2;1,4
01/06/2011;Rht3;Img0367.jpg;15;1628;2531;8;15;2985;2;1,4
01/06/2011;Rht3;Img0367.jpg;16;1560;2363;8;16;2986;2;1,4
01/06/2011;Rht3;Img0367.jpg;17;1512;2175;8;17;2987;2;1,4
01/06/2011;Rht3;Img0367.jpg;18;1480;1991;8;18;2988;2;1,4
01/06/2011;Rht3;Img0367.jpg;19;1460;1855;8;19;2989;2;1,4
01/06/2011;Rht3;Img0367.jpg;20;1412;1747;8;20;2990;2;1,4
01/06/2011;Rht3;Img0367.jpg;21;1368;1607;8;21;2991;2;1,4
01/06/2011;Rht3;Img0368.jpg;0;1672;3727;9;0;2992;0;1,8
01/06/2011;Rht3;Img0368.jpg;1;1768;3563;9;1;2993;0;1,8
01/06/2011;Rht3;Img0368.jpg;2;1780;3351;9;2;2994;0;1,8
01/06/2011;Rht3;Img0368.jpg;3;1804;3259;9;3;2995;0;1,8
01/06/2011;Rht3;Img0368.jpg;4;1796;3027;9;4;2996;0;1,8
01/06/2011;Rht3;Img0368.jpg;5;1768;2775;9;5;2997;0;1,8
01/06/2011;Rht3;Img0368.jpg;6;1748;2547;9;6;2998;0;1,8
01/06/2011;Rht3;Img0368.jpg;7;1712;2347;9;7;2999;0;1,8
01/06/2011;Rht3;Img0368.jpg;8;1664;2011;9;8;3000;0;1,8
01/06/2011;Rht3;Img0368.jpg;9;1660;1983;9;9;3001;1;1,8
01/06/2011;Rht3;Img0368.jpg;10;1612;1815;9;10;3002;1;1,8
01/06/2011;Rht3;Img0368.jpg;11;1584;1611;9;11;3003;1;1,8
01/06/2011;Rht3;Img0368.jpg;12;1560;1415;9;12;3004;1;1,8
01/06/2011;Rht3;Img0368.jpg;13;1512;1259;9;13;3005;1;1,8
01/06/2011;Rht3;Img0368.jpg;14;1484;1123;9;14;3006;1;1,8
01/06/2011;Rht3;Img0368.jpg;15;1440;1007;9;15;3007;1;1,8
01/06/2011;Rht3;Img0368.jpg;16;1356;859;9;16;3008;1;1,8
01/06/2011;Rht3;Img0368.jpg;17;1744;2567;9;17;3009;2;1,8
01/06/2011;Rht3;Img0368.jpg;18;1720;2387;9;18;3010;2;1,8
01/06/2011;Rht3;Img0368.jpg;19;1704;2279;9;19;3011;2;1,8
01/06/2011;Rht3;Img0368.jpg;20;1708;2159;9;20;3012;2;1,8
01/06/2011;Rht3;Img0368.jpg;21;1756;2103;9;21;3013;2;1,8
01/06/2011;Rht3;Img0368.jpg;22;1876;2047;9;22;3014;2;1,8
01/06/2011;Rht3;Img0368.jpg;23;2096;2019;9;23;3015;2;1,8
01/06/2011;Rht3;Img0368.jpg;24;2360;2003;9;24;3016;2;1,8
01/06/2011;Rht3;Img0368.jpg;25;2476;2007;9;25;3017;2;1,8
01/06/2011;Rht3;Img0368.jpg;26;2640;1995;9;26;3018;2;1,8
01/06/2011;Rht3;Img0368.jpg;27;1820;2923;9;27;3019;3;1,8
01/06/2011;Rht3;Img0368.jpg;28;1840;2799;9;28;3020;3;1,8
01/06/2011;Rht3;Img0368.jpg;29;1896;2675;9;29;3021;3;1,8
01/06/2011;Rht3;Img0368.jpg;30;1948;2619;9;30;3022;3;1,8
01/06/2011;Rht3;Img0368.jpg;31;2064;2663;9;31;3023;3;1,8
01/06/2011;Rht3;Img0368.jpg;32;2176;2735;9;32;3024;3;1,8
01/06/2011;Rht3;Img0368.jpg;33;2260;2863;9;33;3025;3;1,8
01/06/2011;Rht3;Img0368.jpg;34;2336;2959;9;34;3026;3;1,8
01/06/2011;Rht3;Img0368.jpg;35;2348;3023;9;35;3027;3;1,8
01/06/2011;Rht3;Img0368.jpg;36;2292;3031;9;36;3028;3;1,8
01/06/2011;Rht3;Img0368.jpg;37;2200;2911;9;37;3029;3;1,8
01/06/2011;Rht3;Img0369.jpg;0;1812;3743;10;0;3030;0;2,1
01/06/2011;Rht3;Img0369.jpg;1;1816;3519;10;1;3031;0;2,1
01/06/2011;Rht3;Img0369.jpg;2;1836;3315;10;2;3032;0;2,1
01/06/2011;Rht3;Img0369.jpg;3;1836;3115;10;3;3033;0;2,1
01/06/2011;Rht3;Img0369.jpg;4;1824;2815;10;4;3034;0;2,1
01/06/2011;Rht3;Img0369.jpg;5;1792;2515;10;5;3035;0;2,1
01/06/2011;Rht3;Img0369.jpg;6;1764;2295;10;6;3036;0;2,1
01/06/2011;Rht3;Img0369.jpg;7;1740;1907;10;7;3037;0;2,1
01/06/2011;Rht3;Img0369.jpg;8;1740;1755;10;8;3038;0;2,1
01/06/2011;Rht3;Img0369.jpg;9;1740;1727;10;9;3039;1;2,1
01/06/2011;Rht3;Img0369.jpg;10;1692;1611;10;10;3040;1;2,1
01/06/2011;Rht3;Img0369.jpg;11;1604;1447;10;11;3041;1;2,1
01/06/2011;Rht3;Img0369.jpg;12;1492;1187;10;12;3042;1;2,1
01/06/2011;Rht3;Img0369.jpg;13;1424;995;10;13;3043;1;2,1
01/06/2011;Rht3;Img0369.jpg;14;1344;855;10;14;3044;1;2,1
01/06/2011;Rht3;Img0369.jpg;15;1292;763;10;15;3045;1;2,1
01/06/2011;Rht3;Img0369.jpg;16;1836;2563;10;16;3046;2;2,1
01/06/2011;Rht3;Img0369.jpg;17;1868;2407;10;17;3047;2;2,1
01/06/2011;Rht3;Img0369.jpg;18;1900;2243;10;18;3048;2;2,1
01/06/2011;Rht3;Img0369.jpg;19;2040;2039;10;19;3049;2;2,1
01/06/2011;Rht3;Img0369.jpg;20;2116;1839;10;20;3050;2;2,1
01/06/2011;Rht3;Img0369.jpg;21;2212;1635;10;21;3051;2;2,1
01/06/2011;Rht3;Img0369.jpg;22;2316;1519;10;22;3052;2;2,1
01/06/2011;Rht3;Img0369.jpg;23;2436;1435;10;23;3053;2;2,1
01/06/2011;Rht3;Img0370.jpg;0;1648;3800;1;0;3054;0;2,2
01/06/2011;Rht3;Img0370.jpg;1;1668;3628;1;1;3055;0;2,2
01/06/2011;Rht3;Img0370.jpg;2;1676;3412;1;2;3056;0;2,2
01/06/2011;Rht3;Img0370.jpg;3;1680;3216;1;3;3057;0;2,2
01/06/2011;Rht3;Img0370.jpg;4;1664;3012;1;4;3058;0;2,2
01/06/2011;Rht3;Img0370.jpg;5;1660;2840;1;5;3059;0;2,2
01/06/2011;Rht3;Img0370.jpg;6;1640;2496;1;6;3060;0;2,2
01/06/2011;Rht3;Img0370.jpg;7;1608;2256;1;7;3061;0;2,2
01/06/2011;Rht3;Img0370.jpg;8;1564;2032;1;8;3062;0;2,2
01/06/2011;Rht3;Img0370.jpg;9;1564;1840;1;9;3063;0;2,2
01/06/2011;Rht3;Img0370.jpg;10;1560;1828;1;10;3064;1;2,2
01/06/2011;Rht3;Img0370.jpg;11;1572;1684;1;11;3065;1;2,2
01/06/2011;Rht3;Img0370.jpg;12;1632;1556;1;12;3066;1;2,2
01/06/2011;Rht3;Img0370.jpg;13;1688;1436;1;13;3067;1;2,2
01/06/2011;Rht3;Img0370.jpg;14;1752;1256;1;14;3068;1;2,2
01/06/2011;Rht3;Img0370.jpg;15;1816;1140;1;15;3069;1;2,2
01/06/2011;Rht3;Img0370.jpg;16;1888;1056;1;16;3070;1;2,2
01/06/2011;Rht3;Img0370.jpg;17;1632;2480;1;17;3071;2;2,2
01/06/2011;Rht3;Img0370.jpg;18;1664;2312;1;18;3072;2;2,2
01/06/2011;Rht3;Img0370.jpg;19;1664;2120;1;19;3073;2;2,2
01/06/2011;Rht3;Img0370.jpg;20;1688;1932;1;20;3074;2;2,2
01/06/2011;Rht3;Img0370.jpg;21;1720;1764;1;21;3075;2;2,2
01/06/2011;Rht3;Img0370.jpg;22;1748;1632;1;22;3076;2;2,2
01/06/2011;Rht3;Img0370.jpg;23;1772;1492;1;23;3077;2;2,2
01/06/2011;Rht3;Img0370.jpg;24;1788;1256;1;24;3078;2;2,2
01/06/2011;Rht3;Img0370.jpg;25;1644;2776;1;25;3079;3;2,2
01/06/2011;Rht3;Img0370.jpg;26;1620;2576;1;26;3080;3;2,2
01/06/2011;Rht3;Img0370.jpg;27;1592;2432;1;27;3081;3;2,2
01/06/2011;Rht3;Img0370.jpg;28;1520;2268;1;28;3082;3;2,2
01/06/2011;Rht3;Img0370.jpg;29;1456;2156;1;29;3083;3;2,2
01/06/2011;Rht3;Img0370.jpg;30;1384;2008;1;30;3084;3;2,2
01/06/2011;Rht3;Img0370.jpg;31;1292;1864;1;31;3085;3;2,2
01/06/2011;Rht3;Img0370.jpg;32;1208;1756;1;32;3086;3;2,2
01/06/2011;Rht3;Img0370.jpg;33;1156;1660;1;33;3087;3;2,2
01/06/2011;Rht3;Img0371.jpg;0;1616;3980;2;0;3088;0;2,7
01/06/2011;Rht3;Img0371.jpg;1;1656;3792;2;1;3089;0;2,7
01/06/2011;Rht3;Img0371.jpg;2;1608;3584;2;2;3090;0;2,7
01/06/2011;Rht3;Img0371.jpg;3;1596;3332;2;3;3091;0;2,7
01/06/2011;Rht3;Img0371.jpg;4;1564;3088;2;4;3092;0;2,7
01/06/2011;Rht3;Img0371.jpg;5;1572;2840;2;5;3093;0;2,7
01/06/2011;Rht3;Img0371.jpg;6;1572;2548;2;6;3094;0;2,7
01/06/2011;Rht3;Img0371.jpg;7;1580;2372;2;7;3095;0;2,7
01/06/2011;Rht3;Img0371.jpg;8;1592;2144;2;8;3096;0;2,7
01/06/2011;Rht3;Img0371.jpg;9;1604;1940;2;9;3097;0;2,7
01/06/2011;Rht3;Img0371.jpg;10;1624;1768;2;10;3098;0;2,7
01/06/2011;Rht3;Img0371.jpg;11;1628;1552;2;11;3099;0;2,7
01/06/2011;Rht3;Img0371.jpg;12;1648;1536;2;12;3100;1;2,7
01/06/2011;Rht3;Img0371.jpg;13;1684;1372;2;13;3101;1;2,7
01/06/2011;Rht3;Img0371.jpg;14;1752;1168;2;14;3102;1;2,7
01/06/2011;Rht3;Img0371.jpg;15;1780;1040;2;15;3103;1;2,7
01/06/2011;Rht3;Img0371.jpg;16;1808;880;2;16;3104;1;2,7
01/06/2011;Rht3;Img0371.jpg;17;1572;2332;2;17;3105;2;2,7
01/06/2011;Rht3;Img0371.jpg;18;1528;2240;2;18;3106;2;2,7
01/06/2011;Rht3;Img0371.jpg;19;1536;2076;2;19;3107;2;2,7
01/06/2011;Rht3;Img0371.jpg;20;1544;1972;2;20;3108;2;2,7
01/06/2011;Rht3;Img0371.jpg;21;1552;1844;2;21;3109;2;2,7
01/06/2011;Rht3;Img0371.jpg;22;1564;1660;2;22;3110;2;2,7
01/06/2011;Rht3;Img0371.jpg;23;1604;1468;2;23;3111;2;2,7
01/06/2011;Rht3;Img0371.jpg;24;1644;1316;2;24;3112;2;2,7
01/06/2011;Rht3;Img0371.jpg;25;1628;1168;2;25;3113;2;2,7
01/06/2011;Rht3;Img0371.jpg;26;1572;2756;2;26;3114;3;2,7
01/06/2011;Rht3;Img0371.jpg;27;1640;2540;2;27;3115;3;2,7
01/06/2011;Rht3;Img0371.jpg;28;1664;2372;2;28;3116;3;2,7
01/06/2011;Rht3;Img0371.jpg;29;1708;2216;2;29;3117;3;2,7
01/06/2011;Rht3;Img0371.jpg;30;1756;2004;2;30;3118;3;2,7
01/06/2011;Rht3;Img0371.jpg;31;1832;1824;2;31;3119;3;2,7
01/06/2011;Rht3;Img0371.jpg;32;1888;1684;2;32;3120;3;2,7
01/06/2011;Rht3;Img0371.jpg;33;1976;1504;2;33;3121;3;2,7
01/06/2011;Rht3;Img0371.jpg;34;1556;3088;2;34;3122;4;2,7
01/06/2011;Rht3;Img0371.jpg;35;1520;2960;2;35;3123;4;2,7
01/06/2011;Rht3;Img0371.jpg;36;1516;2868;2;36;3124;4;2,7
01/06/2011;Rht3;Img0371.jpg;37;1648;2804;2;37;3125;4;2,7
01/06/2011;Rht3;Img0371.jpg;38;1824;2784;2;38;3126;4;2,7
01/06/2011;Rht3;Img0371.jpg;39;1996;2784;2;39;3127;4;2,7
01/06/2011;Rht3;Img0371.jpg;40;2132;2812;2;40;3128;4;2,7
01/06/2011;Rht3;Img0371.jpg;41;2292;2876;2;41;3129;4;2,7
01/06/2011;Rht3;Img0371.jpg;42;2424;2904;2;42;3130;4;2,7
01/06/2011;Rht3;Img0371.jpg;43;2584;2952;2;43;3131;4;2,7
01/06/2011;Rht3;Img0372.jpg;0;1644;4004;3;0;3132;0;2,6
01/06/2011;Rht3;Img0372.jpg;1;1636;3824;3;1;3133;0;2,6
01/06/2011;Rht3;Img0372.jpg;2;1632;3660;3;2;3134;0;2,6
01/06/2011;Rht3;Img0372.jpg;3;1624;3436;3;3;3135;0;2,6
01/06/2011;Rht3;Img0372.jpg;4;1612;3260;3;4;3136;0;2,6
01/06/2011;Rht3;Img0372.jpg;5;1592;2984;3;5;3137;0;2,6
01/06/2011;Rht3;Img0372.jpg;6;1568;2792;3;6;3138;0;2,6
01/06/2011;Rht3;Img0372.jpg;7;1544;2572;3;7;3139;0;2,6
01/06/2011;Rht3;Img0372.jpg;8;1532;2336;3;8;3140;0;2,6
01/06/2011;Rht3;Img0372.jpg;9;1532;2096;3;9;3141;0;2,6
01/06/2011;Rht3;Img0372.jpg;10;1480;1872;3;10;3142;0;2,6
01/06/2011;Rht3;Img0372.jpg;11;1476;1820;3;11;3143;1;2,6
01/06/2011;Rht3;Img0372.jpg;12;1396;1644;3;12;3144;1;2,6
01/06/2011;Rht3;Img0372.jpg;13;1352;1488;3;13;3145;1;2,6
01/06/2011;Rht3;Img0372.jpg;14;1296;1340;3;14;3146;1;2,6
01/06/2011;Rht3;Img0372.jpg;15;1256;1208;3;15;3147;1;2,6
01/06/2011;Rht3;Img0372.jpg;16;1168;1084;3;16;3148;1;2,6
01/06/2011;Rht3;Img0372.jpg;17;1548;2552;3;17;3149;2;2,6
01/06/2011;Rht3;Img0372.jpg;18;1576;2324;3;18;3150;2;2,6
01/06/2011;Rht3;Img0372.jpg;19;1608;2136;3;19;3151;2;2,6
01/06/2011;Rht3;Img0372.jpg;20;1644;1924;3;20;3152;2;2,6
01/06/2011;Rht3;Img0372.jpg;21;1712;1780;3;21;3153;2;2,6
01/06/2011;Rht3;Img0372.jpg;22;1768;1640;3;22;3154;2;2,6
01/06/2011;Rht3;Img0372.jpg;23;1836;1520;3;23;3155;2;2,6
01/06/2011;Rht3;Img0372.jpg;24;1912;1456;3;24;3156;2;2,6
01/06/2011;Rht3;Img0372.jpg;25;1556;2964;3;25;3157;3;2,6
01/06/2011;Rht3;Img0372.jpg;26;1528;2844;3;26;3158;3;2,6
01/06/2011;Rht3;Img0372.jpg;27;1444;2764;3;27;3159;3;2,6
01/06/2011;Rht3;Img0372.jpg;28;1300;2664;3;28;3160;3;2,6
01/06/2011;Rht3;Img0372.jpg;29;1104;2600;3;29;3161;3;2,6
01/06/2011;Rht3;Img0372.jpg;30;964;2564;3;30;3162;3;2,6
01/06/2011;Rht3;Img0372.jpg;31;772;2516;3;31;3163;3;2,6
01/06/2011;Rht3;Img0372.jpg;32;676;2488;3;32;3164;3;2,6
01/06/2011;Rht3;Img0372.jpg;33;500;2492;3;33;3165;3;2,6
01/06/2011;Rht3;Img0372.jpg;34;1628;3284;3;34;3166;4;2,6
01/06/2011;Rht3;Img0372.jpg;35;1640;3144;3;35;3167;4;2,6
01/06/2011;Rht3;Img0372.jpg;36;1616;2980;3;36;3168;4;2,6
01/06/2011;Rht3;Img0372.jpg;37;1584;2832;3;37;3169;4;2,6
01/06/2011;Rht3;Img0372.jpg;38;1604;2692;3;38;3170;4;2,6
01/06/2011;Rht3;Img0372.jpg;39;1708;2636;3;39;3171;4;2,6
01/06/2011;Rht3;Img0372.jpg;40;1784;2668;3;40;3172;4;2,6
01/06/2011;Rht3;Img0372.jpg;41;1808;2784;3;41;3173;4;2,6
01/06/2011;Rht3;Img0372.jpg;42;1804;2904;3;42;3174;4;2,6
01/06/2011;Rht3;Img0372.jpg;43;1804;3024;3;43;3175;4;2,6
01/06/2011;Rht3;Img0372.jpg;44;1840;3116;3;44;3176;4;2,6
01/06/2011;Rht3;Img0372.jpg;45;1584;3528;3;45;3177;5;2,6
01/06/2011;Rht3;Img0372.jpg;46;1524;3388;3;46;3178;5;2,6
01/06/2011;Rht3;Img0372.jpg;47;1468;3308;3;47;3179;5;2,6
01/06/2011;Rht3;Img0372.jpg;48;1424;3360;3;48;3180;5;2,6
01/06/2011;Rht3;Img0372.jpg;49;1388;3504;3;49;3181;5;2,6
01/06/2011;Rht3;Img0372.jpg;50;1336;3648;3;50;3182;5;2,6
01/06/2011;Rht3;Img0372.jpg;51;1336;3800;3;51;3183;5;2,6
01/06/2011;Rht3;Img0372.jpg;52;1332;3956;3;52;3184;5;2,6
01/06/2011;Rht3;Img0372.jpg;53;1332;4076;3;53;3185;5;2,6
01/06/2011;Rht3;Img0372.jpg;54;1324;4156;3;54;3186;5;2,6
01/06/2011;Rht3;Img0374.jpg;0;1684;3920;4;0;3187;0;2,6
01/06/2011;Rht3;Img0374.jpg;1;1700;3720;4;1;3188;0;2,6
01/06/2011;Rht3;Img0374.jpg;2;1700;3544;4;2;3189;0;2,6
01/06/2011;Rht3;Img0374.jpg;3;1708;3328;4;3;3190;0;2,6
01/06/2011;Rht3;Img0374.jpg;4;1716;3096;4;4;3191;0;2,6
01/06/2011;Rht3;Img0374.jpg;5;1716;2864;4;5;3192;0;2,6
01/06/2011;Rht3;Img0374.jpg;6;1716;2664;4;6;3193;0;2,6
01/06/2011;Rht3;Img0374.jpg;7;1716;2340;4;7;3194;0;2,6
01/06/2011;Rht3;Img0374.jpg;8;1716;2056;4;8;3195;0;2,6
01/06/2011;Rht3;Img0374.jpg;9;1704;1820;4;9;3196;0;2,6
01/06/2011;Rht3;Img0374.jpg;10;1696;1624;4;10;3197;0;2,6
01/06/2011;Rht3;Img0374.jpg;11;1696;1432;4;11;3198;0;2,6
01/06/2011;Rht3;Img0374.jpg;12;1684;1408;4;12;3199;1;2,6
01/06/2011;Rht3;Img0374.jpg;13;1600;1288;4;13;3200;1;2,6
01/06/2011;Rht3;Img0374.jpg;14;1480;1128;4;14;3201;1;2,6
01/06/2011;Rht3;Img0374.jpg;15;1376;1008;4;15;3202;1;2,6
01/06/2011;Rht3;Img0374.jpg;16;1268;912;4;16;3203;1;2,6
01/06/2011;Rht3;Img0374.jpg;17;1180;776;4;17;3204;1;2,6
01/06/2011;Rht3;Img0374.jpg;18;1716;2268;4;18;3205;2;2,6
01/06/2011;Rht3;Img0374.jpg;19;1680;2100;4;19;3206;2;2,6
01/06/2011;Rht3;Img0374.jpg;20;1700;1928;4;20;3207;2;2,6
01/06/2011;Rht3;Img0374.jpg;21;1704;1728;4;21;3208;2;2,6
01/06/2011;Rht3;Img0374.jpg;22;1736;1552;4;22;3209;2;2,6
01/06/2011;Rht3;Img0374.jpg;23;1728;1348;4;23;3210;2;2,6
01/06/2011;Rht3;Img0374.jpg;24;1768;1136;4;24;3211;2;2,6
01/06/2011;Rht3;Img0374.jpg;25;1756;996;4;25;3212;2;2,6
01/06/2011;Rht3;Img0374.jpg;26;1756;888;4;26;3213;2;2,6
01/06/2011;Rht3;Img0374.jpg;27;1704;2740;4;27;3214;3;2,6
01/06/2011;Rht3;Img0374.jpg;28;1708;2564;4;28;3215;3;2,6
01/06/2011;Rht3;Img0374.jpg;29;1712;2356;4;29;3216;3;2,6
01/06/2011;Rht3;Img0374.jpg;30;1692;2184;4;30;3217;3;2,6
01/06/2011;Rht3;Img0374.jpg;31;1632;1976;4;31;3218;3;2,6
01/06/2011;Rht3;Img0374.jpg;32;1588;1796;4;32;3219;3;2,6
01/06/2011;Rht3;Img0374.jpg;33;1552;1604;4;33;3220;3;2,6
01/06/2011;Rht3;Img0374.jpg;34;1520;1484;4;34;3221;3;2,6
01/06/2011;Rht3;Img0376.jpg;0;1760;3924;5;0;3222;0;1,5
01/06/2011;Rht3;Img0376.jpg;1;1712;3768;5;1;3223;0;1,5
01/06/2011;Rht3;Img0376.jpg;2;1656;3628;5;2;3224;0;1,5
01/06/2011;Rht3;Img0376.jpg;3;1628;3420;5;3;3225;0;1,5
01/06/2011;Rht3;Img0376.jpg;4;1616;3276;5;4;3226;0;1,5
01/06/2011;Rht3;Img0376.jpg;5;1624;3036;5;5;3227;0;1,5
01/06/2011;Rht3;Img0376.jpg;6;1620;2832;5;6;3228;0;1,5
01/06/2011;Rht3;Img0376.jpg;7;1636;2572;5;7;3229;0;1,5
01/06/2011;Rht3;Img0376.jpg;8;1644;2284;5;8;3230;0;1,5
01/06/2011;Rht3;Img0376.jpg;9;1628;2068;5;9;3231;0;1,5
01/06/2011;Rht3;Img0376.jpg;10;1624;1828;5;10;3232;0;1,5
01/06/2011;Rht3;Img0376.jpg;11;1620;1684;5;11;3233;0;1,5
01/06/2011;Rht3;Img0376.jpg;12;1616;1636;5;12;3234;1;1,5
01/06/2011;Rht3;Img0376.jpg;13;1612;1492;5;13;3235;1;1,5
01/06/2011;Rht3;Img0376.jpg;14;1612;1268;5;14;3236;1;1,5
01/06/2011;Rht3;Img0376.jpg;15;1604;1068;5;15;3237;1;1,5
01/06/2011;Rht3;Img0376.jpg;16;1608;928;5;16;3238;1;1,5
01/06/2011;Rht3;Img0376.jpg;17;1608;804;5;17;3239;1;1,5
01/06/2011;Rht3;Img0376.jpg;18;1600;696;5;18;3240;1;1,5
01/06/2011;Rht3;Img0376.jpg;19;1576;576;5;19;3241;1;1,5
01/06/2011;Rht3;Img0376.jpg;20;1616;2584;5;20;3242;2;1,5
01/06/2011;Rht3;Img0376.jpg;21;1580;2376;5;21;3243;2;1,5
01/06/2011;Rht3;Img0376.jpg;22;1552;2188;5;22;3244;2;1,5
01/06/2011;Rht3;Img0376.jpg;23;1468;2028;5;23;3245;2;1,5
01/06/2011;Rht3;Img0376.jpg;24;1392;1904;5;24;3246;2;1,5
01/06/2011;Rht3;Img0376.jpg;25;1280;1808;5;25;3247;2;1,5
01/06/2011;Rht3;Img0376.jpg;26;1164;1756;5;26;3248;2;1,5
01/06/2011;Rht3;Img0376.jpg;27;1056;1676;5;27;3249;2;1,5
01/06/2011;Rht3;Img0376.jpg;28;900;1620;5;28;3250;2;1,5
01/06/2011;Rht3;Img0376.jpg;29;756;1596;5;29;3251;2;1,5
01/06/2011;Rht3;Img0376.jpg;30;640;1604;5;30;3252;2;1,5
01/06/2011;Rht3;Img0376.jpg;31;1644;3012;5;31;3253;3;1,5
01/06/2011;Rht3;Img0376.jpg;32;1692;2900;5;32;3254;3;1,5
01/06/2011;Rht3;Img0376.jpg;33;1652;2724;5;33;3255;3;1,5
01/06/2011;Rht3;Img0376.jpg;34;1556;2712;5;34;3256;3;1,5
01/06/2011;Rht3;Img0376.jpg;35;1536;2824;5;35;3257;3;1,5
01/06/2011;Rht3;Img0376.jpg;36;1532;2940;5;36;3258;3;1,5
01/06/2011;Rht3;Img0376.jpg;37;1516;3140;5;37;3259;3;1,5
01/06/2011;Rht3;Img0376.jpg;38;1528;3292;5;38;3260;3;1,5
01/06/2011;Rht3;Img0376.jpg;39;1568;3420;5;39;3261;3;1,5
01/06/2011;Rht3;Img0376.jpg;40;1596;3460;5;40;3262;3;1,5
01/06/2011;Rht3;Img0376.jpg;41;1640;3620;5;41;3263;3;1,5
01/06/2011;Rht3;Img0376.jpg;42;1692;3736;5;42;3264;3;1,5
01/06/2011;Rht3;Img0377.jpg;0;1692;3772;6;0;3265;0;1,5
01/06/2011;Rht3;Img0377.jpg;1;1624;3572;6;1;3266;0;1,5
01/06/2011;Rht3;Img0377.jpg;2;1632;3376;6;2;3267;0;1,5
01/06/2011;Rht3;Img0377.jpg;3;1624;3096;6;3;3268;0;1,5
01/06/2011;Rht3;Img0377.jpg;4;1624;2880;6;4;3269;0;1,5
01/06/2011;Rht3;Img0377.jpg;5;1640;2636;6;5;3270;0;1,5
01/06/2011;Rht3;Img0377.jpg;6;1648;2428;6;6;3271;0;1,5
01/06/2011;Rht3;Img0377.jpg;7;1664;2164;6;7;3272;0;1,5
01/06/2011;Rht3;Img0377.jpg;8;1680;1952;6;8;3273;0;1,5
01/06/2011;Rht3;Img0377.jpg;9;1708;1668;6;9;3274;0;1,5
01/06/2011;Rht3;Img0377.jpg;10;1720;1656;6;10;3275;1;1,5
01/06/2011;Rht3;Img0377.jpg;11;1636;1472;6;11;3276;1;1,5
01/06/2011;Rht3;Img0377.jpg;12;1528;1260;6;12;3277;1;1,5
01/06/2011;Rht3;Img0377.jpg;13;1480;1112;6;13;3278;1;1,5
01/06/2011;Rht3;Img0377.jpg;14;1412;936;6;14;3279;1;1,5
01/06/2011;Rht3;Img0377.jpg;15;1328;748;6;15;3280;1;1,5
01/06/2011;Rht3;Img0377.jpg;16;1632;2508;6;16;3281;2;1,5
01/06/2011;Rht3;Img0377.jpg;17;1580;2320;6;17;3282;2;1,5
01/06/2011;Rht3;Img0377.jpg;18;1508;2152;6;18;3283;2;1,5
01/06/2011;Rht3;Img0377.jpg;19;1436;2016;6;19;3284;2;1,5
01/06/2011;Rht3;Img0377.jpg;20;1300;1960;6;20;3285;2;1,5
01/06/2011;Rht3;Img0377.jpg;21;1208;1952;6;21;3286;2;1,5
01/06/2011;Rht3;Img0377.jpg;22;1076;1972;6;22;3287;2;1,5
01/06/2011;Rht3;Img0377.jpg;23;976;2068;6;23;3288;2;1,5
01/06/2011;Rht3;Img0377.jpg;24;876;2184;6;24;3289;2;1,5
01/06/2011;Rht3;Img0377.jpg;25;784;2268;6;25;3290;2;1,5
01/06/2011;Rht3;Img0377.jpg;26;1652;2936;6;26;3291;3;1,5
01/06/2011;Rht3;Img0377.jpg;27;1656;2748;6;27;3292;3;1,5
01/06/2011;Rht3;Img0377.jpg;28;1688;2652;6;28;3293;3;1,5
01/06/2011;Rht3;Img0377.jpg;29;1800;2532;6;29;3294;3;1,5
01/06/2011;Rht3;Img0377.jpg;30;1892;2560;6;30;3295;3;1,5
01/06/2011;Rht3;Img0377.jpg;31;1864;2652;6;31;3296;3;1,5
01/06/2011;Rht3;Img0377.jpg;32;1812;2740;6;32;3297;3;1,5
01/06/2011;Rht3;Img0377.jpg;33;1736;2820;6;33;3298;3;1,5
01/06/2011;Rht3;Img0377.jpg;34;1616;2908;6;34;3299;3;1,5
01/06/2011;Rht3;Img0377.jpg;35;1528;2996;6;35;3300;3;1,5
01/06/2011;Rht3;Img0377.jpg;36;1444;3056;6;36;3301;3;1,5
01/06/2011;Rht3;Img0377.jpg;37;1556;3328;6;37;3302;4;1,5
01/06/2011;Rht3;Img0377.jpg;38;1516;3248;6;38;3303;4;1,5
01/06/2011;Rht3;Img0377.jpg;39;1444;3156;6;39;3304;4;1,5
01/06/2011;Rht3;Img0377.jpg;40;1328;3136;6;40;3305;4;1,5
01/06/2011;Rht3;Img0377.jpg;41;1296;3224;6;41;3306;4;1,5
01/06/2011;Rht3;Img0377.jpg;42;1264;3396;6;42;3307;4;1,5
01/06/2011;Rht3;Img0377.jpg;43;1216;3544;6;43;3308;4;1,5
01/06/2011;Rht3;Img0377.jpg;44;1168;3676;6;44;3309;4;1,5
01/06/2011;Rht3;Img0377.jpg;45;1084;3720;6;45;3310;4;1,5
01/06/2011;Rht3;Img0377.jpg;46;908;3740;6;46;3311;4;1,5
01/06/2011;Rht3;Img0377.jpg;47;868;3748;6;47;3312;4;1,5
01/06/2011;Rht3;Img0378.jpg;0;1792;3664;7;0;3313;0;1,8
01/06/2011;Rht3;Img0378.jpg;1;1744;3488;7;1;3314;0;1,8
01/06/2011;Rht3;Img0378.jpg;2;1756;3400;7;2;3315;0;1,8
01/06/2011;Rht3;Img0378.jpg;3;1752;3176;7;3;3316;0;1,8
01/06/2011;Rht3;Img0378.jpg;4;1752;2980;7;4;3317;0;1,8
01/06/2011;Rht3;Img0378.jpg;5;1752;2836;7;5;3318;0;1,8
01/06/2011;Rht3;Img0378.jpg;6;1752;2580;7;6;3319;0;1,8
01/06/2011;Rht3;Img0378.jpg;7;1752;2404;7;7;3320;0;1,8
01/06/2011;Rht3;Img0378.jpg;8;1764;2188;7;8;3321;0;1,8
01/06/2011;Rht3;Img0378.jpg;9;1768;2032;7;9;3322;0;1,8
01/06/2011;Rht3;Img0378.jpg;10;1764;1796;7;10;3323;0;1,8
01/06/2011;Rht3;Img0378.jpg;11;1752;1780;7;11;3324;1;1,8
01/06/2011;Rht3;Img0378.jpg;12;1688;1668;7;12;3325;1;1,8
01/06/2011;Rht3;Img0378.jpg;13;1604;1528;7;13;3326;1;1,8
01/06/2011;Rht3;Img0378.jpg;14;1536;1388;7;14;3327;1;1,8
01/06/2011;Rht3;Img0378.jpg;15;1508;1240;7;15;3328;1;1,8
01/06/2011;Rht3;Img0378.jpg;16;1472;1052;7;16;3329;1;1,8
01/06/2011;Rht3;Img0378.jpg;17;1448;904;7;17;3330;1;1,8
01/06/2011;Rht3;Img0378.jpg;18;1436;736;7;18;3331;1;1,8
01/06/2011;Rht3;Img0378.jpg;19;1752;2508;7;19;3332;2;1,8
01/06/2011;Rht3;Img0378.jpg;20;1708;2368;7;20;3333;2;1,8
01/06/2011;Rht3;Img0378.jpg;21;1668;2236;7;21;3334;2;1,8
01/06/2011;Rht3;Img0378.jpg;22;1672;2100;7;22;3335;2;1,8
01/06/2011;Rht3;Img0378.jpg;23;1668;1880;7;23;3336;2;1,8
01/06/2011;Rht3;Img0378.jpg;24;1652;1716;7;24;3337;2;1,8
01/06/2011;Rht3;Img0378.jpg;25;1608;1564;7;25;3338;2;1,8
01/06/2011;Rht3;Img0378.jpg;26;1592;1456;7;26;3339;2;1,8
01/06/2011;Rht3;Img0378.jpg;27;1584;1324;7;27;3340;2;1,8
01/06/2011;Rht3;Img0378.jpg;28;1752;2852;7;28;3341;3;1,8
01/06/2011;Rht3;Img0378.jpg;29;1708;2760;7;29;3342;3;1,8
01/06/2011;Rht3;Img0378.jpg;30;1676;2580;7;30;3343;3;1,8
01/06/2011;Rht3;Img0378.jpg;31;1640;2364;7;31;3344;3;1,8
01/06/2011;Rht3;Img0378.jpg;32;1568;2328;7;32;3345;3;1,8
01/06/2011;Rht3;Img0378.jpg;33;1448;2364;7;33;3346;3;1,8
01/06/2011;Rht3;Img0378.jpg;34;1328;2412;7;34;3347;3;1,8
01/06/2011;Rht3;Img0378.jpg;35;1296;2512;7;35;3348;3;1,8
01/06/2011;Rht3;Img0378.jpg;36;1272;2596;7;36;3349;3;1,8
01/06/2011;Rht3;Img0378.jpg;37;1248;2696;7;37;3350;3;1,8
01/06/2011;Rht3;Img0379.jpg;0;1616;3668;8;0;3351;0;2,6
01/06/2011;Rht3;Img0379.jpg;1;1604;3508;8;1;3352;0;2,6
01/06/2011;Rht3;Img0379.jpg;2;1608;3224;8;2;3353;0;2,6
01/06/2011;Rht3;Img0379.jpg;3;1604;2956;8;3;3354;0;2,6
01/06/2011;Rht3;Img0379.jpg;4;1604;2832;8;4;3355;0;2,6
01/06/2011;Rht3;Img0379.jpg;5;1576;2524;8;5;3356;0;2,6
01/06/2011;Rht3;Img0379.jpg;6;1608;2332;8;6;3357;0;2,6
01/06/2011;Rht3;Img0379.jpg;7;1636;2084;8;7;3358;0;2,6
01/06/2011;Rht3;Img0379.jpg;8;1632;1844;8;8;3359;0;2,6
01/06/2011;Rht3;Img0379.jpg;9;1632;1740;8;9;3360;0;2,6
01/06/2011;Rht3;Img0379.jpg;10;1640;1716;8;10;3361;1;2,6
01/06/2011;Rht3;Img0379.jpg;11;1608;1584;8;11;3362;1;2,6
01/06/2011;Rht3;Img0379.jpg;12;1596;1428;8;12;3363;1;2,6
01/06/2011;Rht3;Img0379.jpg;13;1568;1240;8;13;3364;1;2,6
01/06/2011;Rht3;Img0379.jpg;14;1564;1096;8;14;3365;1;2,6
01/06/2011;Rht3;Img0379.jpg;15;1584;936;8;15;3366;1;2,6
01/06/2011;Rht3;Img0379.jpg;16;1584;796;8;16;3367;1;2,6
01/06/2011;Rht3;Img0379.jpg;17;1576;692;8;17;3368;1;2,6
01/06/2011;Rht3;Img0379.jpg;18;1552;572;8;18;3369;1;2,6
01/06/2011;Rht3;Img0379.jpg;19;1592;2416;8;19;3370;2;2,6
01/06/2011;Rht3;Img0379.jpg;20;1520;2264;8;20;3371;2;2,6
01/06/2011;Rht3;Img0379.jpg;21;1408;2052;8;21;3372;2;2,6
01/06/2011;Rht3;Img0379.jpg;22;1356;1928;8;22;3373;2;2,6
01/06/2011;Rht3;Img0379.jpg;23;1264;1804;8;23;3374;2;2,6
01/06/2011;Rht3;Img0379.jpg;24;1140;1672;8;24;3375;2;2,6
01/06/2011;Rht3;Img0379.jpg;25;1016;1552;8;25;3376;2;2,6
01/06/2011;Rht3;Img0379.jpg;26;908;1452;8;26;3377;2;2,6
01/06/2011;Rht3;Img0379.jpg;27;804;1360;8;27;3378;2;2,6
01/06/2011;Rht3;Img0379.jpg;28;1620;2864;8;28;3379;3;2,6
01/06/2011;Rht3;Img0379.jpg;29;1672;2640;8;29;3380;3;2,6
01/06/2011;Rht3;Img0379.jpg;30;1740;2484;8;30;3381;3;2,6
01/06/2011;Rht3;Img0379.jpg;31;1804;2316;8;31;3382;3;2,6
01/06/2011;Rht3;Img0379.jpg;32;1844;2180;8;32;3383;3;2,6
01/06/2011;Rht3;Img0379.jpg;33;2000;2060;8;33;3384;3;2,6
01/06/2011;Rht3;Img0379.jpg;34;2156;2032;8;34;3385;3;2,6
01/06/2011;Rht3;Img0379.jpg;35;2276;2024;8;35;3386;3;2,6
01/06/2011;Rht3;Img0380.jpg;0;1616;3808;9;0;3387;0;2,1
01/06/2011;Rht3;Img0380.jpg;1;1640;3676;9;1;3388;0;2,1
01/06/2011;Rht3;Img0380.jpg;2;1652;3500;9;2;3389;0;2,1
01/06/2011;Rht3;Img0380.jpg;3;1660;3224;9;3;3390;0;2,1
01/06/2011;Rht3;Img0380.jpg;4;1664;2980;9;4;3391;0;2,1
01/06/2011;Rht3;Img0380.jpg;5;1668;2776;9;5;3392;0;2,1
01/06/2011;Rht3;Img0380.jpg;6;1676;2648;9;6;3393;0;2,1
01/06/2011;Rht3;Img0380.jpg;7;1708;2232;9;7;3394;0;2,1
01/06/2011;Rht3;Img0380.jpg;8;1708;2012;9;8;3395;0;2,1
01/06/2011;Rht3;Img0380.jpg;9;1704;1992;9;9;3396;1;2,1
01/06/2011;Rht3;Img0380.jpg;10;1656;1900;9;10;3397;1;2,1
01/06/2011;Rht3;Img0380.jpg;11;1580;1732;9;11;3398;1;2,1
01/06/2011;Rht3;Img0380.jpg;12;1504;1556;9;12;3399;1;2,1
01/06/2011;Rht3;Img0380.jpg;13;1464;1444;9;13;3400;1;2,1
01/06/2011;Rht3;Img0380.jpg;14;1396;1320;9;14;3401;1;2,1
01/06/2011;Rht3;Img0380.jpg;15;1684;2612;9;15;3402;2;2,1
01/06/2011;Rht3;Img0380.jpg;16;1680;2492;9;16;3403;2;2,1
01/06/2011;Rht3;Img0380.jpg;17;1680;2332;9;17;3404;2;2,1
01/06/2011;Rht3;Img0380.jpg;18;1688;2144;9;18;3405;2;2,1
01/06/2011;Rht3;Img0380.jpg;19;1728;1956;9;19;3406;2;2,1
01/06/2011;Rht3;Img0380.jpg;20;1772;1776;9;20;3407;2;2,1
01/06/2011;Rht3;Img0380.jpg;21;1832;1684;9;21;3408;2;2,1
